path,bytes,sha256,location
LICENSE,1548,1462835f5c32aa9e53eb7166e4167cf22915baa3610630a44bd8920b980a068d,repository
code/01_acquire/01a_osm_network.py,13340,df01dfa6f9634196b7d1bb098fd2bfabc71067ab4459c496a528da093d8734b3,repository
code/01_acquire/01b_census_geography.py,7146,1bf8c188c0e85aa743473fc4fe158c34cc3bd117e4527ac2bfc3cbf8ecc229c7,repository
code/01_acquire/01c_acs_density.py,9493,6562ba3c2b56e86b0be1609f4f6119cd517fa07015776a18aa6b0b91e538c8ae,repository
code/01_acquire/01d_hpms_aadt.py,37322,6d5c0b1f8c066d3e43f4fd1c924e69d6528fff4c9047161be7a5024d7d9e3ccf,repository
code/01_acquire/01e_landuse_mix.py,25907,ce8fa24807ec8bc1975bc1575cd6442208453d3eae430c1c827f72521d2e67a7,repository
code/01_acquire/01f_building_footprints.py,16627,9d0e7751b4604b1eb23facf37d4d7b2755156ad6052cddf043b57590fa97ecfb,repository
code/02_network/02a_analysis_frame.py,17408,575de2ad30868cfe4cbfec5087023d81b78fe595718de85889de1a5958ce3d30,repository
code/02_network/02b_permeability.py,10881,6c4a02d84b7701dae69fa09210fac037593ecb6e332441a49ec8e12f322ccc32,repository
code/02_network/02c2_transfer_betweenness.py,3954,6aa48c5b4683ccb95b894332a007421dbcd338dbf1e0fee2d2caa40f42cc811f,repository
code/02_network/02c_betweenness.py,8844,dcbec0e94c3bda4d173971ed18af8634024192a03dab1d9b95f4eb3d245126a5,repository
code/02_network/02d_through_routes.py,20670,4fd22511899c4a018d9c780f99013aacecf5f4ee6a4750b8aabde98ec833856b,repository
code/02_network/02e_cell_metrics.py,11868,dca59347092d4eb9b75152d5ee7239bd203add3c9b7a4637c8644c63e8b07624,repository
code/03_conflate/03a_controls.py,12543,b1f133c4f65a7b3dff1f6f06ee9399822f4598be5c6f6073cfa4566fd1477556,repository
code/03_conflate/03b_analysis_table.py,8915,4ef5c51d476d9cbc5bb70bc0872b05e3f55dda0db54016e5a3a4ff74cbe58d64,repository
code/03_conflate/03c_pool_cities.py,2616,c8a4734c6e576dcfe52471de715a7bf02735d5d4909548013d71f602a80266f0,repository
code/05_model/05a_multilevel.py,12535,2bf323efa33bb23bc8836a7823bbbc7a1176f9ae24b96e041628dbca078c4758,repository
code/05_model/05b_spatial_robustness.py,10778,9713bd52d250c78d28b1e46f46e6238919da517c4ae2468b07624ca49eaeaec7,repository
code/05_model/05c_multicity.py,8231,0bada346326f739bf1235a9626753f1d2c2e9b667f10247f458944b684193dfe,repository
code/05_model/05d_independent_subsample.py,8272,21e1702575e560c2dfff41c9ffa6a7cbae15871717fe39f8cd073c1b7a00d720,repository
code/05_model/05e_sensitivity.py,8647,1c236b8ba7079f8ec1bd122161217a34897b1f279c0b1e61bd569aa079cdeecb,repository
code/05_model/05f_psm_replication.py,9582,28149ee16b2bfa9cfb63ef74109ccc54251191008bcded0df150282e68deb366,repository
code/05_model/05g_ce_eligible.py,7136,0d4d1dacfbd4d3a342ed32a9a04dda8fd146d1e4da77c624433778b1a5977243,repository
code/05_model/05h_reviewer_checks.py,17637,1f240ce3a7f38a7480eb8fd47b07dd5ce43cd8ddb0dae03b098d91a8179d2fcb,repository
code/05_model/05i_p1_constants.py,7805,1e8704c242b634fe654c887ff4c8153408b3979f11d88f5302597172685e3c27,repository
code/05_model/05j_hpms_currency.py,8069,70641580328e233db40573f445782e4c057e6a927ab9e937de5bcc22007c4d08,repository
code/05_model/05k_oneway_selection.py,5590,af219d782ddefa2f7be38cab93aceca943d2a492bd999ef16fef0e74fe727568,repository
code/05_model/05m_independent_composition.py,3478,0eb3832bab1858c6c83f9fb57bc4db6305d2d609216d3a5453097d8f2d51e8cf,repository
code/05_model/05n_round3_models.py,10488,5419d30a996acd3cebebfbfa0b8ebcc133a8d86c3b78c8a0e73893b227b2110a,repository
code/05_model/05o_round3_comparators.py,12229,eb736acc33877f54cde620520c3bb78e8c346f2a7c784ee88e88e2254ed8c7ca,repository
code/05_model/05q_panel_aadt.py,5458,23cdcade2f8db2b2383792a7057c06c5a925f2d3c964e5e1a2f37354afb9e7d8,repository
code/05_model/05r_aadtfree_units.py,9463,387e9692aab1877a600b4c9445c7a279f1a434a35154a7fcb73cd55973eb7c5a,repository
code/05_model/05s_standard_comparators.py,10953,db897efffad521b47814a725c141dcd526dde73317a5b78de6a3a30ffec89bd2,repository
code/05_model/05t_ablation.py,6805,d07783f60dd2b3962ab6655cbfc660124dc65a6704b760fb94704b24693e0bf3,repository
code/05_model/05u_spec_curve.py,12510,e9baa219efe62718cb614590c2005fabb87bdbbb61ef05c1337b9cb8bf30b7ed,repository
code/05_model/05v_boston_variance_vintage.py,16491,b1e80c32c45b9f9fa0148ec8d36a7d101b71b64cdff70a19f8cdb99dafed5834,repository
code/05_model/05w_canonical_tables.py,10603,dc56df9d87884be962b5881b8068d7aea50ac470b753bec5483c75a2dd20eeff,repository
code/05_model/05x_primary_v2.py,17622,d42236a29e6aa1490394abb34d39c2528cfabb4ae202db54f101edefe0ff9682,repository
code/05_model/05y_comparators_v2.py,8439,a4fcbe3d897f8b3ff1ef283c0b9b636fbbce3a0ec5c59509e869f8d49d7f8aca,repository
code/05_model/05z_manuscript_numbers.py,6070,1dc405410cddb3882bf0cbfb092faab091fb954b5ef92a240146ed820689dcbd,repository
code/05_model/05za_adversarial.py,12587,20e7952667b95ead37f943a4ee169f0afdee0c79e2a3310a5b50b473b39ed7c3,repository
code/05_model/05zb_measure_diagnostics.py,9285,543423b6b655f437b9a18bac9a964c5232861f29c5cfbfc7df4935fb70a5de53,repository
code/05_model/05zc_rq2_rq3_v2.py,8871,98736492cbb59b98a02277be65c54a69cfa2f2b5d0268c9fa2f6b6c6c9583296,repository
code/05_model/05zd_ablation_v2.py,6817,07ecd511d3b897f57c6881ac1f304f056169ab622c95f0cae8c024b508f30b92,repository
code/06_figures/06a_p1_routes_map.py,6518,5200b6718191cd43c31134cba436b2e19f42f7a79346a7fd25bd38abd1d08acc,repository
code/06_figures/06b_paper_figures.py,13504,4f1dac999c124c936621fa7ba8450a4363f06c10fbb2e7725cb5c124a74213f1,repository
code/06_figures/06c_matched_pair_closeups.py,8807,0aa54c6cb4a4ac22fc569de69d9c0b35ff5be82cf41643b264e57e7ed03cac53,repository
code/06_figures/06d_schematic_p1p2p3.py,10457,f1e6d2fb04a1b22e69f17df4f221b41cc17de55424e84c482823c89b93be0b1a,repository
code/06_figures/06e_forest_and_scale.py,7645,8ea450308be0696773b635ee74e68038c6d6994cb9558afbc3886ac94b6d8bd0,repository
code/lib/__init__.py,392,728a0bf54353b8f18aaf1d6e3f5237b807624004122068ffab897909d1961b7f,repository
code/lib/cfg.py,3807,673bd42206dbf2ce1bd58cfbe3e61a1dcc6cdc300270634e8c43c97a8e1f7c76,repository
code/lib/paths.py,1797,f542afd34967a43ed89d8e402f6476791030567af3afb1a01acc17876795c458,repository
code/lib/provenance.py,2546,e348620012c2a9c81baaf378c25a22a5aec1a2b0ef258268b1122e93e37b0034,repository
code/lib/validate.py,3458,35017aa8389d1e8c73a62db567a2dbe62e05cf494ace01b1abbd4a4e9bfc2e8a,repository
code/run_city.sh,1969,07cd06c1cc34fcec3fb4bd60fbf8ef90e89b745479cf24031824c55d78ffc822,repository
config/cities.yml,21224,e6341008aeca479763cc4d8064794feccc3419dccb251b6cbd6f20e54fa1a44a,repository
config/config.yml,13598,339db6d1ab5ef90fb8de7d1e65ff31ea6dee2a7c3dfab234b22a504e2bb0419a,repository
data/analysis/analysis_pooled.parquet,9949346,ecae5d2125422d743679ce042c909e9c76f15d46d4ed8299726f806e4e92699e,repository
data/analysis/analysis_pooled_r1200.parquet,10098383,23a599d26f6964101971b1e37cfd7c618d65e863d87c4bea2497bfc722925b58,repository
data/analysis/analysis_pooled_r1600.parquet,10284949,6e260174324af9cb0fccc80fcebd93d87cd7b8e8e344968139274f99ddedf798,repository
data/analysis/analysis_pooled_r400.parquet,9331088,ff257effc273f5aba2b12822a625b78ebabb4597cc948b646e25a28a69a91454,repository
data/analysis/analysis_pooled_r800.parquet,9949346,ecae5d2125422d743679ce042c909e9c76f15d46d4ed8299726f806e4e92699e,repository
data/analysis/analysis_table_boston.parquet,6085913,90addae6a489e0eed8e9b2161530df777a68b800076936a341a973f2d5e3226c,repository
data/analysis/analysis_table_boston_r1200.parquet,6230885,9e9596de51748b8c5719f411c611161ce1ee17c32f1fa6cf3853b266d9de26e6,repository
data/analysis/analysis_table_boston_r1600.parquet,6356692,da3139c4083e8bd0a96f963f92700b03b17afa4f3e97711ec49cd4b3bed649d5,repository
data/analysis/analysis_table_boston_r400.parquet,5651869,195afae21df43aa429a0297f98e07b608010ff195247a8b85fc0b76e15dc711c,repository
data/analysis/analysis_table_boston_r800.parquet,6085913,90addae6a489e0eed8e9b2161530df777a68b800076936a341a973f2d5e3226c,repository
data/analysis/analysis_table_charlotte.parquet,462057,1f85e72ecee7c3496e73997b08bb71e96cfbe5df5c8a8e5bc72050bd41510869,repository
data/analysis/analysis_table_charlotte_r1200.parquet,471712,310d596b8477a74d37b8908ac74a4963044673289f5746a4d1117ba8931af16c,repository
data/analysis/analysis_table_charlotte_r1600.parquet,477323,aa3340a22e77fc4c41b7c6227d067cca9f64ff37b362d485983b211bf9b4c042,repository
data/analysis/analysis_table_charlotte_r400.parquet,440421,0b7114091388b23bdfa07015b10eec84feff20d2b36860c2e657edf5b30db68d,repository
data/analysis/analysis_table_charlotte_r800.parquet,462057,1f85e72ecee7c3496e73997b08bb71e96cfbe5df5c8a8e5bc72050bd41510869,repository
data/analysis/analysis_table_denver.parquet,828393,fe5639b38ed3a1bb0eb5512d943da65ddb4eb6e28c8d2e9b1a0801b3e5aa2e9c,repository
data/analysis/analysis_table_denver_r1200.parquet,823604,8dc467bc5a99888da468b9ebb3d2e7dbd6f8d094562ba5f6df70fa0c77b8bf9b,repository
data/analysis/analysis_table_denver_r1600.parquet,831941,16e2e4611d3141dabe74e46f249d5fe8bcf6669dd2c5d6af9969a3546377ce48,repository
data/analysis/analysis_table_denver_r400.parquet,771259,8da1c295bc17effb6b4dbd0e6525aa31b542995f3eb2ad4b93faa0a92e1f75a4,repository
data/analysis/analysis_table_denver_r800.parquet,828393,fe5639b38ed3a1bb0eb5512d943da65ddb4eb6e28c8d2e9b1a0801b3e5aa2e9c,repository
data/analysis/analysis_table_phoenix.parquet,1067125,e11d467c3f6ab70d6fdb8d1eb7a1efbdfb528173b25ba2f007d5f477c6b0fc75,repository
data/analysis/analysis_table_phoenix_r1200.parquet,1072191,97a803407459da0c8b267899c66af2f4823a27a8aae7d50ca3f6638436110b78,repository
data/analysis/analysis_table_phoenix_r1600.parquet,1082641,8b2f4c28eb69f67fa033fc461beecee6fd111b6e207dfa71180a3e7ef31517b2,repository
data/analysis/analysis_table_phoenix_r400.parquet,998762,555d3b6b413fa12dc8937770f7291b564b6f37d9a708223acfe515812491af7f,repository
data/analysis/analysis_table_phoenix_r800.parquet,1067125,e11d467c3f6ab70d6fdb8d1eb7a1efbdfb528173b25ba2f007d5f477c6b0fc75,repository
data/analysis/analysis_table_portland.parquet,967600,9266cb517e2a12de358c1208a52c40b97b7a73f5cdf4baccdadd66624f502dd9,repository
data/analysis/analysis_table_portland_r1200.parquet,965431,dc892397ce0d1714891dcb7f207d27e06920fbe66e530006d6002cfaf8a7c58b,repository
data/analysis/analysis_table_portland_r1600.parquet,976885,8a8eb6c2c42eb6ec8477c7c69546f1f387c7922eb9bb0144a1a7b48fc58f2de3,repository
data/analysis/analysis_table_portland_r400.parquet,897278,5b6a017ec33add80c4fc2b125c7de84520b90a2294b85854d4ed12d79805f3a4,repository
data/analysis/analysis_table_portland_r800.parquet,967600,9266cb517e2a12de358c1208a52c40b97b7a73f5cdf4baccdadd66624f502dd9,repository
data/analysis/analysis_table_wasatch_front.parquet,683229,6ae71fa7741ff5c9552622d805643a3f9c0726a6e8fd503d8e5bb68ce8f78a8b,repository
data/analysis/analysis_table_wasatch_front_r1200.parquet,684786,255bb27df20535dbbb80767b2062138f5f4f4be0195dd6e693a1f6eec41517ab,repository
data/analysis/analysis_table_wasatch_front_r1600.parquet,690350,a25dfbfb64e55b56a1d3ed1495eff5218f0b196e6bb3e70ee6618a58183ddd0e,repository
data/analysis/analysis_table_wasatch_front_r400.parquet,641821,92374205436820dec1c1922a2c859db42b755a74e8f07d1d14ecdb30e93fe28a,repository
data/analysis/analysis_table_wasatch_front_r800.parquet,683229,6ae71fa7741ff5c9552622d805643a3f9c0726a6e8fd503d8e5bb68ce8f78a8b,repository
data/analysis__aadtfree/analysis_pooled.parquet,6875858,19b6ba1801c4b74a50929ced593498b8a45ddc1fad2e12c55d70f6cc51fb3b66,repository
data/analysis__aadtfree/analysis_pooled_r1200.parquet,7055228,4b09608c0c51217b1128b67ece723abadac029c7fa0f8f6a197ca1b164abb7cb,repository
data/analysis__aadtfree/analysis_pooled_r1600.parquet,7182392,46dc54cafcd8ac366853ef34a35d4b4007cec592d08a6afb341d74f22a59705c,repository
data/analysis__aadtfree/analysis_pooled_r400.parquet,6567271,d2c6b4c5411961bbfb95b558e6278a55c782fd6c0baca36b37d50b3f2f2ba7ac,repository
data/analysis__aadtfree/analysis_pooled_r800.parquet,6875858,19b6ba1801c4b74a50929ced593498b8a45ddc1fad2e12c55d70f6cc51fb3b66,repository
data/analysis__aadtfree/analysis_table_boston.parquet,2739783,1fd2d6ec6acf96844ffbe15bfe72b23ca0bac371091626654bac1036e51f2d45,repository
data/analysis__aadtfree/analysis_table_boston_r1200.parquet,2824596,6a21e18c76983e39b84ebe904f7ae1300b0ffff59aef77e3888676e0601a910f,repository
data/analysis__aadtfree/analysis_table_boston_r1600.parquet,2882384,b1f3b152bc0dd70aaf0df565d3b61e9ac61f7dd31b2884a889e8598a8636f2bb,repository
data/analysis__aadtfree/analysis_table_boston_r400.parquet,2585047,d04ddf9f5f70eb9b9505f52140126b83d5d9f17507b82132b29f1b3276f1c8ce,repository
data/analysis__aadtfree/analysis_table_boston_r800.parquet,2739783,1fd2d6ec6acf96844ffbe15bfe72b23ca0bac371091626654bac1036e51f2d45,repository
data/analysis__aadtfree/analysis_table_charlotte.parquet,468776,68d8260cc5810f4e95ba5dc9d8f00d794ef31aa717a169ef7989aa7e19fc3e0f,repository
data/analysis__aadtfree/analysis_table_charlotte_r1200.parquet,480044,bc7e95c2ed1e8cfb29cd9861a5353dd6f961104b9e86f9ee3807be93e3153c43,repository
data/analysis__aadtfree/analysis_table_charlotte_r1600.parquet,485358,8ddf07ca4a356c4b0c27e331c9c51dbcf90e46a77a11bbfbf03b1c8a3bd2bbdc,repository
data/analysis__aadtfree/analysis_table_charlotte_r400.parquet,444577,d189953cc290b39b75dc6b9e43bace78451d8f9c504f55ec5180c5ecd993921c,repository
data/analysis__aadtfree/analysis_table_charlotte_r800.parquet,468776,68d8260cc5810f4e95ba5dc9d8f00d794ef31aa717a169ef7989aa7e19fc3e0f,repository
data/analysis__aadtfree/analysis_table_denver.parquet,923853,69a66090fef2f11ccdd647fa54d3698631cf8ae038a032cc5ac675b963489f3a,repository
data/analysis__aadtfree/analysis_table_denver_r1200.parquet,942990,b8266d9f2e0ac52ad7a60f4741928751f6de41508def67934eee3999588d1ca2,repository
data/analysis__aadtfree/analysis_table_denver_r1600.parquet,954551,0607dd3e9e78b224a6092ab4e828ab0de4354af0e54b2a90eff9d57870eda4fd,repository
data/analysis__aadtfree/analysis_table_denver_r400.parquet,879196,4419f1e162e45882319458664b3fb3373a4a0f1e950ede2ebf6315e25519e829,repository
data/analysis__aadtfree/analysis_table_denver_r800.parquet,923853,69a66090fef2f11ccdd647fa54d3698631cf8ae038a032cc5ac675b963489f3a,repository
data/analysis__aadtfree/analysis_table_phoenix.parquet,1129858,8fd239feb54315856e2b9a3c311ccd2f50b28282eaadfcef5419287c0511c82c,repository
data/analysis__aadtfree/analysis_table_phoenix_r1200.parquet,1158354,1b912510be87c368f9bad9a9d279c3af774a90a4a8f747a85faafc0a50cb07fc,repository
data/analysis__aadtfree/analysis_table_phoenix_r1600.parquet,1171381,4e6c7db270f5be62060e6db45b8e8892b480bf69abaee47340ea285aeef2b9d0,repository
data/analysis__aadtfree/analysis_table_phoenix_r400.parquet,1073829,d098fea3024d50b0f31a93c593ecfcdac2995f02f2b3158f5c01ba84ab38fe0b,repository
data/analysis__aadtfree/analysis_table_phoenix_r800.parquet,1129858,8fd239feb54315856e2b9a3c311ccd2f50b28282eaadfcef5419287c0511c82c,repository
data/analysis__aadtfree/analysis_table_portland.parquet,948360,bcf5a3277bddb5c67f4f71b8459e1a374904aaa61e7ec62bca4216dd518c3e97,repository
data/analysis__aadtfree/analysis_table_portland_r1200.parquet,971780,a241c935299ecc38b92ec86c22dcf9cfc31c451bf32a6c04c5a1ca69666cdaeb,repository
data/analysis__aadtfree/analysis_table_portland_r1600.parquet,984109,6c6b7f0c75d2977f0a142bc83119efed507e048df5f14edf1f4950ada70eec66,repository
data/analysis__aadtfree/analysis_table_portland_r400.parquet,900099,74f2ed9f7aaab510d4e9d8af3058a1d68d629212acd390478cdd10625a584bc9,repository
data/analysis__aadtfree/analysis_table_portland_r800.parquet,948360,bcf5a3277bddb5c67f4f71b8459e1a374904aaa61e7ec62bca4216dd518c3e97,repository
data/analysis__aadtfree/analysis_table_wasatch_front.parquet,809147,4db466529c360635fa6f079869cb07b0d0fdba760ff63c61de6712302601b373,repository
data/analysis__aadtfree/analysis_table_wasatch_front_r1200.parquet,829541,bf2f01b3310c947d2d73f9bf3406c45c3231fa90bd816e655f4e7e69b42e25b2,repository
data/analysis__aadtfree/analysis_table_wasatch_front_r1600.parquet,837966,96ee4de0c7a39b860bd3f25b4e62383d898dc02e92a5bc9fe3f9ddc0eda50225,repository
data/analysis__aadtfree/analysis_table_wasatch_front_r400.parquet,769458,2e8bf3c47bc953830db069bc0f760cde6b118236a93a3b71cf1e9549a220129f,repository
data/analysis__aadtfree/analysis_table_wasatch_front_r800.parquet,809147,4db466529c360635fa6f079869cb07b0d0fdba760ff63c61de6712302601b373,repository
data/analysis__oneway/analysis_pooled.parquet,9760248,47faf107ddafd93c2f05f53f031d85316d360b65b3cb03a95a222895ec7a4999,repository
data/analysis__oneway/analysis_pooled_r800.parquet,9760248,47faf107ddafd93c2f05f53f031d85316d360b65b3cb03a95a222895ec7a4999,repository
data/analysis__oneway/analysis_table_boston.parquet,5979227,858cdfaa5c4a2b71c40d321ca5739435916c9144c8882b3aa906eace83183e9a,repository
data/analysis__oneway/analysis_table_boston_r800.parquet,5979227,858cdfaa5c4a2b71c40d321ca5739435916c9144c8882b3aa906eace83183e9a,repository
data/analysis__oneway/analysis_table_charlotte.parquet,437212,22c9e04d4cf308806bde18cea9e40f24cf1d46fd22cca699e7fdbee9901544df,repository
data/analysis__oneway/analysis_table_charlotte_r800.parquet,437212,22c9e04d4cf308806bde18cea9e40f24cf1d46fd22cca699e7fdbee9901544df,repository
data/analysis__oneway/analysis_table_denver.parquet,846510,8262fe1746f1d9a4505199b033a3411d2778d6f13e00366bc7ba59fa1843329d,repository
data/analysis__oneway/analysis_table_denver_r800.parquet,846510,8262fe1746f1d9a4505199b033a3411d2778d6f13e00366bc7ba59fa1843329d,repository
data/analysis__oneway/analysis_table_phoenix.parquet,1010037,9c0401c7fcc6d3f9cf14ac21bf64334db8f34aac3fa147c5306f6b0e46237f8b,repository
data/analysis__oneway/analysis_table_phoenix_r800.parquet,1010037,9c0401c7fcc6d3f9cf14ac21bf64334db8f34aac3fa147c5306f6b0e46237f8b,repository
data/analysis__oneway/analysis_table_portland.parquet,980292,cc12b616f51021a3e1a716b49abba7434f6aae45f3a7c45f1110a3010f7d891b,repository
data/analysis__oneway/analysis_table_portland_r800.parquet,980292,cc12b616f51021a3e1a716b49abba7434f6aae45f3a7c45f1110a3010f7d891b,repository
data/analysis__oneway/analysis_table_wasatch_front.parquet,643894,0088a7a3f83943de39446293b1b99481001fe7bf4f2e75a192e7785a6653b97a,repository
data/analysis__oneway/analysis_table_wasatch_front_r800.parquet,643894,0088a7a3f83943de39446293b1b99481001fe7bf4f2e75a192e7785a6653b97a,repository
data/processed/boston/catchments_r1200.parquet,34147223,168f1ff863f3dac78a2418805c40add084cafadb444284a46f1e628dd43d8e60,processed-data.tar.gz
data/processed/boston/catchments_r1600.parquet,33551788,995963a6357289d1aa59cf972f9d4c6e25bef3fbb90183209c1d5475e6ee0128,processed-data.tar.gz
data/processed/boston/catchments_r400.parquet,36311014,dc490b780737bca4406d79bc049c53a2e2703d3055e7e6220bab33682c6d6bb8,processed-data.tar.gz
data/processed/boston/catchments_r800.parquet,34925388,c2157b7dd29b5486494b48bcd2e3c8cc8f1d0db1f760209bae7eb2234fe0d7f7,processed-data.tar.gz
data/processed/boston/cell_metrics.parquet,168230,1c98875de7ded998cde11961a9af11cac298c67fac4623290247853e8573ea8c,processed-data.tar.gz
data/processed/boston/controls_r1200.parquet,3466357,3b7f74be07006c4874831678912413e1b8eb03fe19dcdaa9193f07afa317a3eb,processed-data.tar.gz
data/processed/boston/controls_r1600.parquet,3515405,f85e1d0716b5a0b1d8e4c5ea63eaba21232c447794e4d312a2da8766e7a761fe,processed-data.tar.gz
data/processed/boston/controls_r400.parquet,3119185,41ddb67a908554e5ec548bf2d2de1fd57c9569d99e139f6addd8ca16db5cdf46,processed-data.tar.gz
data/processed/boston/controls_r800.parquet,3366860,b99e84dfd26f51c381d6435a85b4c88a9a9aa394fa507a40d789abf76aa905fc,processed-data.tar.gz
data/processed/boston/grid.parquet,115198,3687f38bd7cb522ed93f638298df4cf64ea01f0b96378a8ad1449b446d8e0c8e,processed-data.tar.gz
data/processed/boston/lodes_blocks.gpkg,4001792,633e9acbe66d6779e08f6ae40cbe8f92a3c9776dc2e08979376c8522731ca747,processed-data.tar.gz
data/processed/boston/permeability_r1200.parquet,2311495,56268e570f27879ce580a1b78bfdd6be2f4878082a81c6ed6fb008aa9f1bf3d8,processed-data.tar.gz
data/processed/boston/permeability_r1600.parquet,2403511,d0320784ebfa4e872536a86aded5288dfffb9408377db4fc49546fd714f96c37,processed-data.tar.gz
data/processed/boston/permeability_r400.parquet,2076397,86ec3a45607a1d5a719d5446fa0d5de23838a83361255306ef254b2aa529762e,processed-data.tar.gz
data/processed/boston/permeability_r800.parquet,2210730,a71abb0885a514a9cfcb7163818ee12e0371e28b2c29eafa3f77a4313e0e14af,processed-data.tar.gz
data/processed/boston/segment_betweenness.parquet,606863,44f51a05720b707ff61bf63ba3df956b531484648738027eea46c1ba0f9f04b9,processed-data.tar.gz
data/processed/boston/segments.parquet,6195104,2c6786f72d861b2b3eac0d9f81e32b1e60f9e27741e7209174fffc5719b953e9,processed-data.tar.gz
data/processed/boston/through_routes_r1200.parquet,751171,b3c16d1ad3b6a6fa34f0933b5a439fc06f6904e6ef71ca04d04b726a4f4e76c0,processed-data.tar.gz
data/processed/boston/through_routes_r1600.parquet,754429,8e6cec9766a24bead47eb9172364d1bbebb0438dd53889cdeed4bee346e3f387,processed-data.tar.gz
data/processed/boston/through_routes_r400.parquet,702153,8b118a7a74d75f0734768b17c18e452e9b4d3d131e3b6b5718fe291e93be211e,processed-data.tar.gz
data/processed/boston/through_routes_r800.parquet,790651,93428d13bd3b87c73da830457dce88cc72998085904d6303756d2fb86d92fafb,processed-data.tar.gz
data/processed/boston/tract_density.gpkg,5251072,6999db3ec6d29c2d573703b0b84aba481324a0c97ef43dfa880b538640f0d7c7,processed-data.tar.gz
data/processed/boston__aadtfree/catchments_r1200.parquet,18956930,7f1dd749cfbc81082fffddf7ca2742ea66ff735cfe3cd7fe10f07655c12c5004,processed-data.tar.gz
data/processed/boston__aadtfree/catchments_r1600.parquet,18207375,82f7b9c165207876c2e2db5ca35e29332060e88da4c63b444ebfbb1f1434d60a,processed-data.tar.gz
data/processed/boston__aadtfree/catchments_r400.parquet,22031732,78608d2c2871442800732da926bbe8faf388f24f09376a25a383ae4073902789,processed-data.tar.gz
data/processed/boston__aadtfree/catchments_r800.parquet,20071796,3bae4be375f42bbff488c2312ed1acd0c9d00f97863ace47946e9eb38662b94b,processed-data.tar.gz
data/processed/boston__aadtfree/cell_metrics.parquet,168230,1c98875de7ded998cde11961a9af11cac298c67fac4623290247853e8573ea8c,processed-data.tar.gz
data/processed/boston__aadtfree/controls_r1200.parquet,1554178,0c29b5e703cd88d984ddeabddee2a571f91539b301c7310b710198b6b6f27f59,processed-data.tar.gz
data/processed/boston__aadtfree/controls_r1600.parquet,1575687,a4b921762fa979e68a541c990f82fa8571dff9980124e6fd8f00d9801b6334b5,processed-data.tar.gz
data/processed/boston__aadtfree/controls_r400.parquet,1426670,277cb218513e2f02ddaa23af09a93f5b7b764fa835d53971171fba6d9eec3a59,processed-data.tar.gz
data/processed/boston__aadtfree/controls_r800.parquet,1513607,e1a3f54606a79ab381ad63164033449269dc7c5544ac573a46353fef9047412d,processed-data.tar.gz
data/processed/boston__aadtfree/grid.parquet,115198,3687f38bd7cb522ed93f638298df4cf64ea01f0b96378a8ad1449b446d8e0c8e,processed-data.tar.gz
data/processed/boston__aadtfree/lodes_blocks.gpkg,4001792,633e9acbe66d6779e08f6ae40cbe8f92a3c9776dc2e08979376c8522731ca747,processed-data.tar.gz
data/processed/boston__aadtfree/permeability_r1200.parquet,1084948,611dea9cca85d0b0c358a4254212821a7ac7a42925662bd498d08375ec39080f,processed-data.tar.gz
data/processed/boston__aadtfree/permeability_r1600.parquet,1129734,3c6278c9d06440ef4175da2edcaaef662ecde901fbe37012796c99e564dacb3a,processed-data.tar.gz
data/processed/boston__aadtfree/permeability_r400.parquet,969903,5926202daf78e95dd231841b74bbb7ca9bcc5d7196a375b1d7901591dfa12653,processed-data.tar.gz
data/processed/boston__aadtfree/permeability_r800.parquet,1036892,b35d314c635ed96989a49182547f15b26ec6ca2b2831fe0c6b2d46155592de6e,processed-data.tar.gz
data/processed/boston__aadtfree/segment_betweenness.parquet,150186,32bca9b3c70f2cd6f6592cd6b5585d70d0166010abff07cab6348d14b6eb7d20,processed-data.tar.gz
data/processed/boston__aadtfree/segments.parquet,5683299,df0fb84e99ca22981546a9bee452b88858f47a2bf03f5061d4fd647787c7c5e4,processed-data.tar.gz
data/processed/boston__aadtfree/through_routes_r1200.parquet,390184,67bf69647e47f6a59ce45b32069a48dc671411a530034fc363a666c18613ebff,processed-data.tar.gz
data/processed/boston__aadtfree/through_routes_r1600.parquet,392508,1e14dc58dc7c1fc9b6b6b769f55dd8677e5e023a76a0b8fdcf37fad845b823ab,processed-data.tar.gz
data/processed/boston__aadtfree/through_routes_r400.parquet,368439,f784888e84b82cb8735c264e47038206dc1de6c9199cacb0fc598092c9269cf4,processed-data.tar.gz
data/processed/boston__aadtfree/through_routes_r800.parquet,383823,b1802bb41c911141326696baab99ac8adf3fc234a2a108021e4346bc90678c78,processed-data.tar.gz
data/processed/boston__aadtfree/tract_density.gpkg,5251072,6999db3ec6d29c2d573703b0b84aba481324a0c97ef43dfa880b538640f0d7c7,processed-data.tar.gz
data/processed/boston__ablall/catchments_r800.parquet,34925388,c2157b7dd29b5486494b48bcd2e3c8cc8f1d0db1f760209bae7eb2234fe0d7f7,processed-data.tar.gz
data/processed/boston__ablall/cell_metrics.parquet,168230,1c98875de7ded998cde11961a9af11cac298c67fac4623290247853e8573ea8c,processed-data.tar.gz
data/processed/boston__ablall/segments.parquet,6195104,2c6786f72d861b2b3eac0d9f81e32b1e60f9e27741e7209174fffc5719b953e9,processed-data.tar.gz
data/processed/boston__ablall/through_routes_r800.parquet,872145,b6408bdb393af0a2893a7e24cd30b1afdd2818045462f4fda205cc5b00281aba,processed-data.tar.gz
data/processed/boston__ablnocap/catchments_r800.parquet,34925388,c2157b7dd29b5486494b48bcd2e3c8cc8f1d0db1f760209bae7eb2234fe0d7f7,processed-data.tar.gz
data/processed/boston__ablnocap/cell_metrics.parquet,168230,1c98875de7ded998cde11961a9af11cac298c67fac4623290247853e8573ea8c,processed-data.tar.gz
data/processed/boston__ablnocap/segments.parquet,6195104,2c6786f72d861b2b3eac0d9f81e32b1e60f9e27741e7209174fffc5719b953e9,processed-data.tar.gz
data/processed/boston__ablnocap/through_routes_r800.parquet,950393,a2cfa3fc1deaa2cb110117294d7b499f84be4de64f203b7c5957dda9e0279aea,processed-data.tar.gz
data/processed/boston__ablnospan/catchments_r800.parquet,34925388,c2157b7dd29b5486494b48bcd2e3c8cc8f1d0db1f760209bae7eb2234fe0d7f7,processed-data.tar.gz
data/processed/boston__ablnospan/cell_metrics.parquet,168230,1c98875de7ded998cde11961a9af11cac298c67fac4623290247853e8573ea8c,processed-data.tar.gz
data/processed/boston__ablnospan/segments.parquet,6195104,2c6786f72d861b2b3eac0d9f81e32b1e60f9e27741e7209174fffc5719b953e9,processed-data.tar.gz
data/processed/boston__ablnospan/through_routes_r800.parquet,799023,8bec62cbeb13a2cf22d96b72574dec41f9781ad49a016a4837e25e53e4509506,processed-data.tar.gz
data/processed/boston__af_ablall/catchments_r800.parquet,20071796,3bae4be375f42bbff488c2312ed1acd0c9d00f97863ace47946e9eb38662b94b,processed-data.tar.gz
data/processed/boston__af_ablall/cell_metrics.parquet,168230,1c98875de7ded998cde11961a9af11cac298c67fac4623290247853e8573ea8c,processed-data.tar.gz
data/processed/boston__af_ablall/segments.parquet,5683299,df0fb84e99ca22981546a9bee452b88858f47a2bf03f5061d4fd647787c7c5e4,processed-data.tar.gz
data/processed/boston__af_ablall/through_routes_r800.parquet,462053,a8ca04d18c48ab351be334240eaa38d1a4c12e08bdb896984318c71b02af743f,processed-data.tar.gz
data/processed/boston__af_ablnocap/catchments_r800.parquet,20071796,3bae4be375f42bbff488c2312ed1acd0c9d00f97863ace47946e9eb38662b94b,processed-data.tar.gz
data/processed/boston__af_ablnocap/cell_metrics.parquet,168230,1c98875de7ded998cde11961a9af11cac298c67fac4623290247853e8573ea8c,processed-data.tar.gz
data/processed/boston__af_ablnocap/segments.parquet,5683299,df0fb84e99ca22981546a9bee452b88858f47a2bf03f5061d4fd647787c7c5e4,processed-data.tar.gz
data/processed/boston__af_ablnocap/through_routes_r800.parquet,425743,ed9f94c8207c3424fe3bce2d21495234d56d74568f60eb7ac031c69258953fe2,processed-data.tar.gz
data/processed/boston__af_ablnospan/catchments_r800.parquet,20071796,3bae4be375f42bbff488c2312ed1acd0c9d00f97863ace47946e9eb38662b94b,processed-data.tar.gz
data/processed/boston__af_ablnospan/cell_metrics.parquet,168230,1c98875de7ded998cde11961a9af11cac298c67fac4623290247853e8573ea8c,processed-data.tar.gz
data/processed/boston__af_ablnospan/segments.parquet,5683299,df0fb84e99ca22981546a9bee452b88858f47a2bf03f5061d4fd647787c7c5e4,processed-data.tar.gz
data/processed/boston__af_ablnospan/through_routes_r800.parquet,392375,d203e8bda01dd20131c969025333fa9b03fac25885e9223601a32d2e3429f9c2,processed-data.tar.gz
data/processed/boston__ar100/catchments_r800.parquet,34925388,c2157b7dd29b5486494b48bcd2e3c8cc8f1d0db1f760209bae7eb2234fe0d7f7,processed-data.tar.gz
data/processed/boston__ar100/segments.parquet,6195104,2c6786f72d861b2b3eac0d9f81e32b1e60f9e27741e7209174fffc5719b953e9,processed-data.tar.gz
data/processed/boston__ar100/through_routes_r800.parquet,761097,779dea92bc4534c28c5bc21699e0dfbcb79fadf4bc1e31d96290cecd9b31f326,processed-data.tar.gz
data/processed/boston__ar300/catchments_r800.parquet,34925388,c2157b7dd29b5486494b48bcd2e3c8cc8f1d0db1f760209bae7eb2234fe0d7f7,processed-data.tar.gz
data/processed/boston__ar300/segments.parquet,6195104,2c6786f72d861b2b3eac0d9f81e32b1e60f9e27741e7209174fffc5719b953e9,processed-data.tar.gz
data/processed/boston__ar300/through_routes_r800.parquet,785872,0443836310f1b533afa047e3b78de1bde1cf551d7c21d5a8346877efa41ed222,processed-data.tar.gz
data/processed/boston__oneway/catchments_r1200.parquet,35890377,a7890ac16c431394eb75ed8f04ca44d606dbd39755f0e2ad4ba10d2b9775cb68,processed-data.tar.gz
data/processed/boston__oneway/catchments_r1600.parquet,35338104,7f315f26fb6014eea49518f487bcf3644bdf520d779e1afe9d11ad7f359bfd84,processed-data.tar.gz
data/processed/boston__oneway/catchments_r400.parquet,38152344,b33c1696a87a8570c298b325bf16444e8cfdbbf268b927a4a80be62e7b5f3050,processed-data.tar.gz
data/processed/boston__oneway/catchments_r800.parquet,36685106,607e3374a8abc780e1b7bd9cf9914613553db6f55a0a5d77c766c53837ead56b,processed-data.tar.gz
data/processed/boston__oneway/controls_r800.parquet,3564315,aaf825b1f9f53da599ac6bf62e58917e69996dda02e02dbb734dc27a7b6b5197,processed-data.tar.gz
data/processed/boston__oneway/grid.parquet,115198,3687f38bd7cb522ed93f638298df4cf64ea01f0b96378a8ad1449b446d8e0c8e,processed-data.tar.gz
data/processed/boston__oneway/lodes_blocks.gpkg,4001792,633e9acbe66d6779e08f6ae40cbe8f92a3c9776dc2e08979376c8522731ca747,processed-data.tar.gz
data/processed/boston__oneway/permeability_r800.parquet,2338762,edf25c9fa994a321813a28141d59900bc882eaa0f0391eed09db907f43136c05,processed-data.tar.gz
data/processed/boston__oneway/segments.parquet,6468949,610bfa211b11b1d0eb34f52c82226f369b6f16fd6c75c04bfb54697c0dc7b777,processed-data.tar.gz
data/processed/boston__oneway/through_routes_r800.parquet,841766,aeb2a4f7291e3839b520cf358019c18ebdce7d4f14b6544a40343e69d8b4e2eb,processed-data.tar.gz
data/processed/boston__oneway/tract_density.gpkg,5251072,6999db3ec6d29c2d573703b0b84aba481324a0c97ef43dfa880b538640f0d7c7,processed-data.tar.gz
data/processed/charlotte/catchments_r1200.parquet,3256420,11d977cce7bc26a24a283168da35b9a961716330420b52a9dbb9bdb8b5016276,processed-data.tar.gz
data/processed/charlotte/catchments_r1600.parquet,3152862,d7b668e02e534e15ddf2ea8357cb435b0eadaa6208f89db4ff3c054be75e7935,processed-data.tar.gz
data/processed/charlotte/catchments_r400.parquet,3664903,12d48d73449746d01290734510582e41756af6bc213b4c49caa8fedd39f3008d,processed-data.tar.gz
data/processed/charlotte/catchments_r800.parquet,3418173,b70f7e2e2579273d87b47a576679035b638e24e6b22591ea0f92ea1ad940edd0,processed-data.tar.gz
data/processed/charlotte/cell_metrics.parquet,80791,aa43814fcd581776eac9abb19778ad9d4edcd6f1e8684a110de03b55d21b3215,processed-data.tar.gz
data/processed/charlotte/controls_r1200.parquet,249612,aea75e9023c7574c64a7b7c1f9e56a234db10348c01df362f58297c621161fe0,processed-data.tar.gz
data/processed/charlotte/controls_r1600.parquet,250086,9fb32012789306c6410154af2e0cb193aa320b27db44d63ffaa651f0e8574b07,processed-data.tar.gz
data/processed/charlotte/controls_r400.parquet,240502,778d3761deb35d9cb9ea6ca0534dda26b808b9c980416861d27f67ac5cc745a5,processed-data.tar.gz
data/processed/charlotte/controls_r800.parquet,247224,0764cb31f9ae03d0c5b6a6f1c7719208fadd491f9432c6d5bb45c19af60de7ad,processed-data.tar.gz
data/processed/charlotte/grid.parquet,49168,f7c95e95ddcdc1a93ea9a0a999a3f221d506b36c48ba0afcb43f840f62301e4c,processed-data.tar.gz
data/processed/charlotte/lodes_blocks.gpkg,1286144,34a74eb928553bfbeb93737ed425126c83f00433faaed8e15f9ba2ebd65af08b,processed-data.tar.gz
data/processed/charlotte/permeability_r1200.parquet,189490,0f3039ba17db92ed63a128557423659241f1577353f5961cd10ea351198acf24,processed-data.tar.gz
data/processed/charlotte/permeability_r1600.parquet,196899,01c7949a41fd176d142f14d9aa1389221e07f8df805d521beca8530f8d4246d6,processed-data.tar.gz
data/processed/charlotte/permeability_r400.parquet,163734,67e1d3355cf7bb9e056d14022eab5e327efebb825e9c466ccb71fd36b4f90c2e,processed-data.tar.gz
data/processed/charlotte/permeability_r800.parquet,180266,f82ed73635389a900ab8eff5d25f221b8b36f045128d6d60c82f4ee7556a943a,processed-data.tar.gz
data/processed/charlotte/segment_betweenness.parquet,43499,2ceed0d2d0269c017242a81b61d7d72dab5e96f6e334ed069ac42cef15c354b8,processed-data.tar.gz
data/processed/charlotte/segments.parquet,927248,693bdfe20460b51c20cc7d841feb689b800f8be0927131b440888dbda987a315,processed-data.tar.gz
data/processed/charlotte/through_routes_r1200.parquet,66195,3507dcf189cf0e80a7e3d78d8d4b21f611607d2c07cb16a6ccc3e785d9f10fc8,processed-data.tar.gz
data/processed/charlotte/through_routes_r1600.parquet,66743,504a856299e1f55884e1a06b9479dd078b7ee53ff64f8ef2b6c1427a907e30b0,processed-data.tar.gz
data/processed/charlotte/through_routes_r400.parquet,63180,5fe017bb2d68556ce5ec62902ff404dc1015024c1775548622bcdf43e6ca1f29,processed-data.tar.gz
data/processed/charlotte/through_routes_r800.parquet,65651,d5016454e2f7d784fb0113def059346d01fab5da18af84b213723a1efae35042,processed-data.tar.gz
data/processed/charlotte/tract_density.gpkg,2322432,1367054bec3b257a8bab358137587f8dfb72d9bd88e54a62a039df7034ed860c,processed-data.tar.gz
data/processed/charlotte__aadtfree/catchments_r1200.parquet,3362554,bbbd15407aee3336111edb68d7d3ec6cacf2415523c92ffe2cf90225ad255b09,processed-data.tar.gz
data/processed/charlotte__aadtfree/catchments_r1600.parquet,3256030,c78c96a2d98f5e828c95632cc28e45e9df9a808cbe9491d203506f40d964838c,processed-data.tar.gz
data/processed/charlotte__aadtfree/catchments_r400.parquet,3761957,a3b2be444a5b68d6de7e855231fad4220b5c20851da455a776f8932d2fa28f43,processed-data.tar.gz
data/processed/charlotte__aadtfree/catchments_r800.parquet,3512530,d1dca4940797d5078856e77b5973b772f4bc6795f10a3722986d1260a5522ede,processed-data.tar.gz
data/processed/charlotte__aadtfree/cell_metrics.parquet,80791,aa43814fcd581776eac9abb19778ad9d4edcd6f1e8684a110de03b55d21b3215,processed-data.tar.gz
data/processed/charlotte__aadtfree/controls_r1200.parquet,260166,4ae678c0d7f1e3dcf0565103bfa05cdd67ddfb00d9d10312421064ba2b5f34d4,processed-data.tar.gz
data/processed/charlotte__aadtfree/controls_r1600.parquet,260866,3d1d717224354a90325d1446848690c8cfec1b1a8d7b90a46451eaab7c1aade0,processed-data.tar.gz
data/processed/charlotte__aadtfree/controls_r400.parquet,248689,3da6fd06b6b5df4d91e5f7676c7cdcce15052530beecc9bd82771b7ada0de0b6,processed-data.tar.gz
data/processed/charlotte__aadtfree/controls_r800.parquet,257245,b2bc416cb942f7c5824458f2d5ae1571ea92c70ad1be834839d23aa56f2a85cc,processed-data.tar.gz
data/processed/charlotte__aadtfree/grid.parquet,49168,f7c95e95ddcdc1a93ea9a0a999a3f221d506b36c48ba0afcb43f840f62301e4c,processed-data.tar.gz
data/processed/charlotte__aadtfree/lodes_blocks.gpkg,1286144,34a74eb928553bfbeb93737ed425126c83f00433faaed8e15f9ba2ebd65af08b,processed-data.tar.gz
data/processed/charlotte__aadtfree/permeability_r1200.parquet,197619,3937ffcc36300325b6f1786b26eec3c6b3da887a76c18c7c006ac77f93d206e0,processed-data.tar.gz
data/processed/charlotte__aadtfree/permeability_r1600.parquet,204588,cac3b2268d809af36db50eee95b7ccddce1e49ec3939375fc871ba7d1e1ea9aa,processed-data.tar.gz
data/processed/charlotte__aadtfree/permeability_r400.parquet,170564,259c26704e70a73106f6763405daf25c3437fe1b2d1ddf5ab81044136ee74f64,processed-data.tar.gz
data/processed/charlotte__aadtfree/permeability_r800.parquet,186989,331c235836f41a0acd7ffd9e1344af762e4377a36b1eb116041159d28bfe7735,processed-data.tar.gz
data/processed/charlotte__aadtfree/segment_betweenness.parquet,23684,100d516758d2394fd1eddb69c666e7f6c4f3cd8e3125cafb3f31766898411725,processed-data.tar.gz
data/processed/charlotte__aadtfree/segments.parquet,938623,644d601b41a5792dee13c8b74a9f43e1dd2eaffb19725dec9147d404f4e3fc82,processed-data.tar.gz
data/processed/charlotte__aadtfree/through_routes_r1200.parquet,67654,814807bd7cb4b24f78bf50d16a11cbc7d6271828ffb73b1469d5d0a8a945c6b5,processed-data.tar.gz
data/processed/charlotte__aadtfree/through_routes_r1600.parquet,68280,201e1693886b5ff394d47c5478f92101d8170b3e3e795de6e4167436d658bfa6,processed-data.tar.gz
data/processed/charlotte__aadtfree/through_routes_r400.parquet,64195,d1064c08111a50c7c0cd0a86952d3b4eaa7d712609d32541572cad94365dc8e4,processed-data.tar.gz
data/processed/charlotte__aadtfree/through_routes_r800.parquet,66984,10cedbd71663eaeb924159e9e34948898ccea70c85cc2adf12058ee8f5b78c24,processed-data.tar.gz
data/processed/charlotte__aadtfree/tract_density.gpkg,2322432,1367054bec3b257a8bab358137587f8dfb72d9bd88e54a62a039df7034ed860c,processed-data.tar.gz
data/processed/charlotte__ablall/catchments_r800.parquet,3418173,b70f7e2e2579273d87b47a576679035b638e24e6b22591ea0f92ea1ad940edd0,processed-data.tar.gz
data/processed/charlotte__ablall/cell_metrics.parquet,80791,aa43814fcd581776eac9abb19778ad9d4edcd6f1e8684a110de03b55d21b3215,processed-data.tar.gz
data/processed/charlotte__ablall/segments.parquet,927248,693bdfe20460b51c20cc7d841feb689b800f8be0927131b440888dbda987a315,processed-data.tar.gz
data/processed/charlotte__ablall/through_routes_r800.parquet,72686,afed2317ad6b72bcb461a180d3f8e60abc483e56cb16d22d7f0f49ac78313949,processed-data.tar.gz
data/processed/charlotte__ablnocap/catchments_r800.parquet,3418173,b70f7e2e2579273d87b47a576679035b638e24e6b22591ea0f92ea1ad940edd0,processed-data.tar.gz
data/processed/charlotte__ablnocap/cell_metrics.parquet,80791,aa43814fcd581776eac9abb19778ad9d4edcd6f1e8684a110de03b55d21b3215,processed-data.tar.gz
data/processed/charlotte__ablnocap/segments.parquet,927248,693bdfe20460b51c20cc7d841feb689b800f8be0927131b440888dbda987a315,processed-data.tar.gz
data/processed/charlotte__ablnocap/through_routes_r800.parquet,73471,9ea9d9b5004a3359a31e3c4a42befcffd582b3fad977cd739c38bfc71f7bbd23,processed-data.tar.gz
data/processed/charlotte__ablnospan/catchments_r800.parquet,3418173,b70f7e2e2579273d87b47a576679035b638e24e6b22591ea0f92ea1ad940edd0,processed-data.tar.gz
data/processed/charlotte__ablnospan/cell_metrics.parquet,80791,aa43814fcd581776eac9abb19778ad9d4edcd6f1e8684a110de03b55d21b3215,processed-data.tar.gz
data/processed/charlotte__ablnospan/segments.parquet,927248,693bdfe20460b51c20cc7d841feb689b800f8be0927131b440888dbda987a315,processed-data.tar.gz
data/processed/charlotte__ablnospan/through_routes_r800.parquet,66527,bcc38db76fb689e5efb5c2888c083c58b8d75d02b533096fa4f51f3612354b67,processed-data.tar.gz
data/processed/charlotte__af_ablall/catchments_r800.parquet,3512530,d1dca4940797d5078856e77b5973b772f4bc6795f10a3722986d1260a5522ede,processed-data.tar.gz
data/processed/charlotte__af_ablall/cell_metrics.parquet,80791,aa43814fcd581776eac9abb19778ad9d4edcd6f1e8684a110de03b55d21b3215,processed-data.tar.gz
data/processed/charlotte__af_ablall/segments.parquet,938623,644d601b41a5792dee13c8b74a9f43e1dd2eaffb19725dec9147d404f4e3fc82,processed-data.tar.gz
data/processed/charlotte__af_ablall/through_routes_r800.parquet,73860,e90c999c9543975c13f3c5e3dc9a9c9317d71009bd3d7eaca21e7ff0b0b610b4,processed-data.tar.gz
data/processed/charlotte__af_ablnocap/catchments_r800.parquet,3512530,d1dca4940797d5078856e77b5973b772f4bc6795f10a3722986d1260a5522ede,processed-data.tar.gz
data/processed/charlotte__af_ablnocap/cell_metrics.parquet,80791,aa43814fcd581776eac9abb19778ad9d4edcd6f1e8684a110de03b55d21b3215,processed-data.tar.gz
data/processed/charlotte__af_ablnocap/segments.parquet,938623,644d601b41a5792dee13c8b74a9f43e1dd2eaffb19725dec9147d404f4e3fc82,processed-data.tar.gz
data/processed/charlotte__af_ablnocap/through_routes_r800.parquet,76365,2ed5be23de0022ba99d683ccb571da13bd7e9370e0b0890905e3df9c625e5db5,processed-data.tar.gz
data/processed/charlotte__af_ablnospan/catchments_r800.parquet,3512530,d1dca4940797d5078856e77b5973b772f4bc6795f10a3722986d1260a5522ede,processed-data.tar.gz
data/processed/charlotte__af_ablnospan/cell_metrics.parquet,80791,aa43814fcd581776eac9abb19778ad9d4edcd6f1e8684a110de03b55d21b3215,processed-data.tar.gz
data/processed/charlotte__af_ablnospan/segments.parquet,938623,644d601b41a5792dee13c8b74a9f43e1dd2eaffb19725dec9147d404f4e3fc82,processed-data.tar.gz
data/processed/charlotte__af_ablnospan/through_routes_r800.parquet,67842,fbbbd8668c6a285a1379fb234a4fd7641191f3f82a1dab44cffc943b4708405e,processed-data.tar.gz
data/processed/charlotte__ar100/catchments_r800.parquet,3418173,b70f7e2e2579273d87b47a576679035b638e24e6b22591ea0f92ea1ad940edd0,processed-data.tar.gz
data/processed/charlotte__ar100/segments.parquet,927248,693bdfe20460b51c20cc7d841feb689b800f8be0927131b440888dbda987a315,processed-data.tar.gz
data/processed/charlotte__ar100/through_routes_r800.parquet,57347,7dbd7c38462430b09c53d91bf6ceb8ccb20db8721bf05d00a71488799eebc7db,processed-data.tar.gz
data/processed/charlotte__ar300/catchments_r800.parquet,3418173,b70f7e2e2579273d87b47a576679035b638e24e6b22591ea0f92ea1ad940edd0,processed-data.tar.gz
data/processed/charlotte__ar300/segments.parquet,927248,693bdfe20460b51c20cc7d841feb689b800f8be0927131b440888dbda987a315,processed-data.tar.gz
data/processed/charlotte__ar300/through_routes_r800.parquet,68354,d0cf45b30380139561f33e96771868bfcc8610922d29c5f6155dd3d432cc9369,processed-data.tar.gz
data/processed/charlotte__oneway/catchments_r1200.parquet,3312957,fbe4f86d4c266c81f21467a2af17f2c66d3b29561a7871d57025342b4eb16805,processed-data.tar.gz
data/processed/charlotte__oneway/catchments_r1600.parquet,3203664,a467b343bc1ecf6557a266e898da064a0ee41293bacb59e2353899e81233feb5,processed-data.tar.gz
data/processed/charlotte__oneway/catchments_r400.parquet,3703360,ff563f6789ecd5613ad27c93beba2fcd5c83f588bdea0363d5dbf81266cd7597,processed-data.tar.gz
data/processed/charlotte__oneway/catchments_r800.parquet,3472438,c4da30de26998c1bd3ad8f46ac9c37fd2ce391bb74c002d8e0313bc1d172ab30,processed-data.tar.gz
data/processed/charlotte__oneway/controls_r800.parquet,252178,6ae7a92ba637dcf5064b0289d954793b27a7e41925788a536f8397fbbc23dc9c,processed-data.tar.gz
data/processed/charlotte__oneway/grid.parquet,49168,f7c95e95ddcdc1a93ea9a0a999a3f221d506b36c48ba0afcb43f840f62301e4c,processed-data.tar.gz
data/processed/charlotte__oneway/lodes_blocks.gpkg,1286144,34a74eb928553bfbeb93737ed425126c83f00433faaed8e15f9ba2ebd65af08b,processed-data.tar.gz
data/processed/charlotte__oneway/permeability_r800.parquet,183591,a6f9d283b33c8db59275ac066316fd28c657b45ca8bab9c898ae6669795e8891,processed-data.tar.gz
data/processed/charlotte__oneway/segments.parquet,940131,aa02359ce2c253eb9f955c93c3ba0636a0d566ca30fd6053d6140ac138beb257,processed-data.tar.gz
data/processed/charlotte__oneway/through_routes_r800.parquet,66733,197c080a781b5c7330a2239d8b520eef489fe8cdba1984d1d1e98d81bb186722,processed-data.tar.gz
data/processed/charlotte__oneway/tract_density.gpkg,2322432,1367054bec3b257a8bab358137587f8dfb72d9bd88e54a62a039df7034ed860c,processed-data.tar.gz
data/processed/denver/catchments_r1200.parquet,4928656,a21f1703d5880a8cbab0809240e4065a64356fa1806e8dded38fe4f94a561454,processed-data.tar.gz
data/processed/denver/catchments_r1600.parquet,4836320,d83724ea2ef570aafcbb5e8675eeb6d792c3879fde6c1a0da1c0ff236ec5db95,processed-data.tar.gz
data/processed/denver/catchments_r400.parquet,5253854,2ed53108246be13eb128ebd20bc7ba6c716d3420c9079ec7f5e826b6e5e8cf84,processed-data.tar.gz
data/processed/denver/catchments_r800.parquet,5056698,e5ce79d698aa8bcfd38603b67d7abf91ebfef29bb1addf3f51442754e265cfb1,processed-data.tar.gz
data/processed/denver/cell_metrics.parquet,82367,5cb3635845f60474d5636e7bafa62410783f22df0a6a70666744287aef3f3c8e,processed-data.tar.gz
data/processed/denver/controls_r1200.parquet,461737,1b583e0a652eac7653392ad115b406b3acb472ae3e327ead1037a030fda306c0,processed-data.tar.gz
data/processed/denver/controls_r1600.parquet,464257,da4480a3c615c16ddb02bef32bc38165279cc9a8ffdd2d77a3119668fd4bf4bf,processed-data.tar.gz
data/processed/denver/controls_r400.parquet,445619,4e35120b7ffccb48b85bf7309bb13c4b06ef483ba4c087374c3c17a52fe755c2,processed-data.tar.gz
data/processed/denver/controls_r800.parquet,457031,b5fb4257453c1bc5c434f9c410c4c601f26bb48f7e60168a435ab59943874772,processed-data.tar.gz
data/processed/denver/grid.parquet,46040,73a91f7e223b7ea888dde19736b02801eac738f7ae1ca6c1c73e5f95e1b1941e,processed-data.tar.gz
data/processed/denver/lodes_blocks.gpkg,2686976,26316c64a9769cc5b31f840f210d2867853af64196bdeb6d0a3597a01eaf4357,processed-data.tar.gz
data/processed/denver/p1_routes_testarea.gpkg,98304,07e32aae30811c6f95bc03dbff5d715b6302932cd699536431fd7eb15993b92e,processed-data.tar.gz
data/processed/denver/permeability_r1200.parquet,325008,cbfa830f849a85b7d9819b2f58b666c3df8f892dd63061dc85ee470fba7c4433,processed-data.tar.gz
data/processed/denver/permeability_r1600.parquet,334132,a28d898a56f075212dd8f1542c1d27551c2cb039bf0a0f05d13bbc04d703e60f,processed-data.tar.gz
data/processed/denver/permeability_r400.parquet,282493,63cc0e45ec106089c5c92aa939fa33aa464491015e760c3257c4993109227dd3,processed-data.tar.gz
data/processed/denver/permeability_r800.parquet,308375,f406d736e434aa4c838ff293fedc05099a79bef6fb787e0440d94973809e663f,processed-data.tar.gz
data/processed/denver/segment_betweenness.parquet,74424,3e3164a032cb0af3e700c281845a3c931ae3b099c13931df35dcbdc99fb707e0,processed-data.tar.gz
data/processed/denver/segments.parquet,1161145,651e358820442e65b26266ae5d4133c586a2ad673a33e1394f2bfb0c8ea31d72,processed-data.tar.gz
data/processed/denver/through_routes_r1200.parquet,102280,2813455d55e8abcdcdfb775a1704f260d4bbe06c0f0e719917e5044585f96401,processed-data.tar.gz
data/processed/denver/through_routes_r1600.parquet,102763,92819274cd664359363660e390017c2a02ecb98d96661b92222b4d1fa61f21ac,processed-data.tar.gz
data/processed/denver/through_routes_r400.parquet,98495,3e478af2fb2adb66a9324a4f30f52c572f6293bff66cb9d2057d3a73bf22ae16,processed-data.tar.gz
data/processed/denver/through_routes_r800.parquet,123690,44fbfe8ab1026bccfefca5bd867a13a214dc4facfca7d21a3af24a4d46ddbb66,processed-data.tar.gz
data/processed/denver/tract_density.gpkg,2752512,6d6d3d073f3c2d626bda297e48c8feb6d3a45d8a6a81f80039727544d8d757aa,processed-data.tar.gz
data/processed/denver__aadtfree/catchments_r1200.parquet,5462515,0c5ca4cd5d8a43591e8668900ab805eb42e787b49081acbe65c05d39740f58ef,processed-data.tar.gz
data/processed/denver__aadtfree/catchments_r1600.parquet,5375216,ed9a71ee6e7cdfbe31df6e4a49b4fff5718a8c088858c7c9c208a59baf87a026,processed-data.tar.gz
data/processed/denver__aadtfree/catchments_r400.parquet,5755130,181958aa4c7b967bc2026dbe2f5a076606d7f878838c3a5f2d4241fb7a9914f9,processed-data.tar.gz
data/processed/denver__aadtfree/catchments_r800.parquet,5586747,2479097107af73953827aef12155b7ea450f93e55375d60afd87879802cf998a,processed-data.tar.gz
data/processed/denver__aadtfree/cell_metrics.parquet,82367,5cb3635845f60474d5636e7bafa62410783f22df0a6a70666744287aef3f3c8e,processed-data.tar.gz
data/processed/denver__aadtfree/controls_r1200.parquet,534285,0e58bed623079f6ddeb360b0f8a68ecd7a2c799bbfacf479105f6d184560a143,processed-data.tar.gz
data/processed/denver__aadtfree/controls_r1600.parquet,538094,cf13e37a527abcd5d9539888dd523d1ba03c9a3cd330e80cb639a132bc29ee77,processed-data.tar.gz
data/processed/denver__aadtfree/controls_r400.parquet,513308,c825340bc11d7bd003f4b846839f7e2c2f9df9cb292c69ccffd4ad1ffd297400,processed-data.tar.gz
data/processed/denver__aadtfree/controls_r800.parquet,529054,9551b5dae5dc81da43720646b6a1e582b5fb974390074bed5987d0fedd3155c5,processed-data.tar.gz
data/processed/denver__aadtfree/grid.parquet,46040,73a91f7e223b7ea888dde19736b02801eac738f7ae1ca6c1c73e5f95e1b1941e,processed-data.tar.gz
data/processed/denver__aadtfree/lodes_blocks.gpkg,2686976,26316c64a9769cc5b31f840f210d2867853af64196bdeb6d0a3597a01eaf4357,processed-data.tar.gz
data/processed/denver__aadtfree/permeability_r1200.parquet,370321,4fac45b2b047b45949d611f2624d72a781feafcd2fdb28db8361b8548b3ea080,processed-data.tar.gz
data/processed/denver__aadtfree/permeability_r1600.parquet,381270,328a22e4c8279a62c1e94115d65c158d43fed8178d73462ab50d124075bc2c1e,processed-data.tar.gz
data/processed/denver__aadtfree/permeability_r400.parquet,321048,d1e76dbb948fd38ed23328e7a67824040a798831b774c32cc368533c7cb1ad55,processed-data.tar.gz
data/processed/denver__aadtfree/permeability_r800.parquet,351788,2cf6dc5b39c8bb08036fec67e57f99cf2fe14e74c32982b0d4461d63e43abb31,processed-data.tar.gz
data/processed/denver__aadtfree/segment_betweenness.parquet,45163,0ba05c84d52624f303a6a1dd3f8a190b7f573b435d8b0fb26ae4c926bbdeb4f9,processed-data.tar.gz
data/processed/denver__aadtfree/segments.parquet,1192202,d5cc3250c070b5107d4ed92725ce4c21c81163c2f974b1fd007662253a612882,processed-data.tar.gz
data/processed/denver__aadtfree/through_routes_r1200.parquet,143855,afcc4eec131cd39bedb87954f4cda096b138545da2dce4a81928bd2b86d56f08,processed-data.tar.gz
data/processed/denver__aadtfree/through_routes_r1600.parquet,144871,002a81ce558af75cacaba0c35eefada5744bd6cf22c205756a20ac5195505e02,processed-data.tar.gz
data/processed/denver__aadtfree/through_routes_r400.parquet,139169,3ddbfa68e901b151674c376f25af408aa4ad6f536681cae5585aec39a915866d,processed-data.tar.gz
data/processed/denver__aadtfree/through_routes_r800.parquet,142945,e95cb700c9131d3bb9be021661d7fe7bd65d843c7a284b6493ab941db353250f,processed-data.tar.gz
data/processed/denver__aadtfree/tract_density.gpkg,2752512,6d6d3d073f3c2d626bda297e48c8feb6d3a45d8a6a81f80039727544d8d757aa,processed-data.tar.gz
data/processed/denver__ablall/catchments_r800.parquet,5056698,e5ce79d698aa8bcfd38603b67d7abf91ebfef29bb1addf3f51442754e265cfb1,processed-data.tar.gz
data/processed/denver__ablall/cell_metrics.parquet,82367,5cb3635845f60474d5636e7bafa62410783f22df0a6a70666744287aef3f3c8e,processed-data.tar.gz
data/processed/denver__ablall/segments.parquet,1161145,651e358820442e65b26266ae5d4133c586a2ad673a33e1394f2bfb0c8ea31d72,processed-data.tar.gz
data/processed/denver__ablall/through_routes_r800.parquet,139971,aa1971696447b47e75ade1200db90679d6ad663e208f5c4fc0328739488cec68,processed-data.tar.gz
data/processed/denver__ablnocap/catchments_r800.parquet,5056698,e5ce79d698aa8bcfd38603b67d7abf91ebfef29bb1addf3f51442754e265cfb1,processed-data.tar.gz
data/processed/denver__ablnocap/cell_metrics.parquet,82367,5cb3635845f60474d5636e7bafa62410783f22df0a6a70666744287aef3f3c8e,processed-data.tar.gz
data/processed/denver__ablnocap/segments.parquet,1161145,651e358820442e65b26266ae5d4133c586a2ad673a33e1394f2bfb0c8ea31d72,processed-data.tar.gz
data/processed/denver__ablnocap/through_routes_r800.parquet,141789,8a014acb68371b8b9fc303a74c2c2b9a26da5ae3ae3a9b0a632db8b1f7cd8533,processed-data.tar.gz
data/processed/denver__ablnospan/catchments_r800.parquet,5056698,e5ce79d698aa8bcfd38603b67d7abf91ebfef29bb1addf3f51442754e265cfb1,processed-data.tar.gz
data/processed/denver__ablnospan/cell_metrics.parquet,82367,5cb3635845f60474d5636e7bafa62410783f22df0a6a70666744287aef3f3c8e,processed-data.tar.gz
data/processed/denver__ablnospan/segments.parquet,1161145,651e358820442e65b26266ae5d4133c586a2ad673a33e1394f2bfb0c8ea31d72,processed-data.tar.gz
data/processed/denver__ablnospan/through_routes_r800.parquet,126222,990719b6ca6cda6b7600458a3df5aa1aa141e0600040676f73a2d2e6e31019cb,processed-data.tar.gz
data/processed/denver__af_ablall/catchments_r800.parquet,5586747,2479097107af73953827aef12155b7ea450f93e55375d60afd87879802cf998a,processed-data.tar.gz
data/processed/denver__af_ablall/cell_metrics.parquet,82367,5cb3635845f60474d5636e7bafa62410783f22df0a6a70666744287aef3f3c8e,processed-data.tar.gz
data/processed/denver__af_ablall/segments.parquet,1192202,d5cc3250c070b5107d4ed92725ce4c21c81163c2f974b1fd007662253a612882,processed-data.tar.gz
data/processed/denver__af_ablall/through_routes_r800.parquet,159647,6e579aadb5d2af6d4e2352dd62cd66d3e726e2bf53d35e0ab83b283358de9f01,processed-data.tar.gz
data/processed/denver__af_ablnocap/catchments_r800.parquet,5586747,2479097107af73953827aef12155b7ea450f93e55375d60afd87879802cf998a,processed-data.tar.gz
data/processed/denver__af_ablnocap/cell_metrics.parquet,82367,5cb3635845f60474d5636e7bafa62410783f22df0a6a70666744287aef3f3c8e,processed-data.tar.gz
data/processed/denver__af_ablnocap/segments.parquet,1192202,d5cc3250c070b5107d4ed92725ce4c21c81163c2f974b1fd007662253a612882,processed-data.tar.gz
data/processed/denver__af_ablnocap/through_routes_r800.parquet,167181,7a6f6dbdffae4356d9d67f981217f8c1b3353ef83f8aec6e7f03e1db8197937c,processed-data.tar.gz
data/processed/denver__af_ablnospan/catchments_r800.parquet,5586747,2479097107af73953827aef12155b7ea450f93e55375d60afd87879802cf998a,processed-data.tar.gz
data/processed/denver__af_ablnospan/cell_metrics.parquet,82367,5cb3635845f60474d5636e7bafa62410783f22df0a6a70666744287aef3f3c8e,processed-data.tar.gz
data/processed/denver__af_ablnospan/segments.parquet,1192202,d5cc3250c070b5107d4ed92725ce4c21c81163c2f974b1fd007662253a612882,processed-data.tar.gz
data/processed/denver__af_ablnospan/through_routes_r800.parquet,145680,7203dec0509dc3e47415a89563570f41a6325a8bef89f400f92f8e907f11aaea,processed-data.tar.gz
data/processed/denver__ar100/catchments_r800.parquet,5056698,e5ce79d698aa8bcfd38603b67d7abf91ebfef29bb1addf3f51442754e265cfb1,processed-data.tar.gz
data/processed/denver__ar100/segments.parquet,1161145,651e358820442e65b26266ae5d4133c586a2ad673a33e1394f2bfb0c8ea31d72,processed-data.tar.gz
data/processed/denver__ar100/through_routes_r800.parquet,106396,f38245b4610748db554930b60ee3e65a94578cae2eb2ee9883d6003112a51b60,processed-data.tar.gz
data/processed/denver__ar300/catchments_r800.parquet,5056698,e5ce79d698aa8bcfd38603b67d7abf91ebfef29bb1addf3f51442754e265cfb1,processed-data.tar.gz
data/processed/denver__ar300/segments.parquet,1161145,651e358820442e65b26266ae5d4133c586a2ad673a33e1394f2bfb0c8ea31d72,processed-data.tar.gz
data/processed/denver__ar300/through_routes_r800.parquet,130358,b6fbbadea4ff026a190ba0e1ae4586684a79b5cf38718540aba690e5ba7f39d9,processed-data.tar.gz
data/processed/denver__oneway/catchments_r1200.parquet,5358559,6bd5eb5f0f15914bd5c39406329d2a6134c8b99a65af859ea0cc222806332e33,processed-data.tar.gz
data/processed/denver__oneway/catchments_r1600.parquet,5258177,e060ec736f2c175f5fa54b7163571e8a725e27935cc4f90f52769095ed5c9369,processed-data.tar.gz
data/processed/denver__oneway/catchments_r400.parquet,5665828,f424a3616dc32bb9c14761435042f19ad783f1fc4d3758bfed23e63e8b85ec25,processed-data.tar.gz
data/processed/denver__oneway/catchments_r800.parquet,5468605,46c6ad2c3881b107f263ad4df74505f2c7b71b4d4df065960e375b2fb8cafa1a,processed-data.tar.gz
data/processed/denver__oneway/controls_r800.parquet,503752,9c7860aa8d4c4b8e8c28a9a8533962919b7ef9d1437bd6e1c8f66013f71fa5dc,processed-data.tar.gz
data/processed/denver__oneway/grid.parquet,46040,73a91f7e223b7ea888dde19736b02801eac738f7ae1ca6c1c73e5f95e1b1941e,processed-data.tar.gz
data/processed/denver__oneway/lodes_blocks.gpkg,2686976,26316c64a9769cc5b31f840f210d2867853af64196bdeb6d0a3597a01eaf4357,processed-data.tar.gz
data/processed/denver__oneway/permeability_r800.parquet,335847,c9da99bb00f6bccc71149ebf138ec0a7a625724800bf9b65a00cc3933fb764c2,processed-data.tar.gz
data/processed/denver__oneway/segments.parquet,1229424,5146c9b515bbd7c8e7627acdaa7713f40122bf557c7d57665b658d96bbc8bbbf,processed-data.tar.gz
data/processed/denver__oneway/through_routes_r800.parquet,135233,c37aa05055dc804c3e686cc1d2ff4448cea855564d16b78f9ecb43dcada8e08a,processed-data.tar.gz
data/processed/denver__oneway/tract_density.gpkg,2752512,6d6d3d073f3c2d626bda297e48c8feb6d3a45d8a6a81f80039727544d8d757aa,processed-data.tar.gz
data/processed/phoenix/catchments_r1200.parquet,6460961,b808ca96a2c5d99ce37621329a753fbe24332f88e8d8f22c46e171db88bb6b65,processed-data.tar.gz
data/processed/phoenix/catchments_r1600.parquet,6409413,00c538c1b2cee208e49ef76b3198cedc079d730ecc963c0f283d73ed2828e0d0,processed-data.tar.gz
data/processed/phoenix/catchments_r400.parquet,6682272,092e0e81bdbdd0606f0fca215b53e442a408f4f8954430266b89c04f49326a13,processed-data.tar.gz
data/processed/phoenix/catchments_r800.parquet,6551915,89276ebcc1d32d5b5104a1ba1a4109eb3a2f977d6367a7d1b2d739fbe6aee25d,processed-data.tar.gz
data/processed/phoenix/cell_metrics.parquet,119375,2404e869dcea85054012452e35c6e7d2da766bca7677e1f0bcc6b809c2034622,processed-data.tar.gz
data/processed/phoenix/controls_r1200.parquet,563253,9f521d2c6266a1ff55198c37592c321ff2da1a6ef185af81d471caaf18f5bd64,processed-data.tar.gz
data/processed/phoenix/controls_r1600.parquet,565414,9b765ee61bf688d606254b351a39295850e9b44b91c2553cc96690b0aed9eab9,processed-data.tar.gz
data/processed/phoenix/controls_r400.parquet,540036,2b2ba526eb1287dbdbf97f206fabfbe5827844121bebcd018690c2698b40fccc,processed-data.tar.gz
data/processed/phoenix/controls_r800.parquet,557195,bfe1f13ee98dcc6f74f9022844b214d498fc42253a07a619dec7ba0e391247d8,processed-data.tar.gz
data/processed/phoenix/grid.parquet,71025,12900c8ef2320d4673ea77e92dc4129ff12290aea025301d2f53af5bed8b15ee,processed-data.tar.gz
data/processed/phoenix/lodes_blocks.gpkg,2752512,6d4d6d5b5cb2f159754a325c3804f96be8c1c9b88872ec680bc4c4c5896d0fa9,processed-data.tar.gz
data/processed/phoenix/permeability_r1200.parquet,415672,0f74e05f45e90592adf96e9634b10a4444e74f5d0be58d95bd661679ba438c36,processed-data.tar.gz
data/processed/phoenix/permeability_r1600.parquet,427372,fc03790e5ad551438c2aa78fa945c8c55c748e413b033a2e631dd10cfd223011,processed-data.tar.gz
data/processed/phoenix/permeability_r400.parquet,357767,5d850fdb8954faf6235693df0ade8690f3cb52d9568fb3ea98620ed7490f29a6,processed-data.tar.gz
data/processed/phoenix/permeability_r800.parquet,392814,610faacd4dbe617b27fb5410eec85dee7e12b787074522d34941e49fd725acab,processed-data.tar.gz
data/processed/phoenix/segment_betweenness.parquet,98216,a3f8b6cfbd0f117a43a103f200dc73dc4609d7f12e2c577d261e13d56ed1c93f,processed-data.tar.gz
data/processed/phoenix/segments.parquet,1330438,23983076e0c5b06a61502a3c30653beaf132fdd352e8e1e9370205f5fd003f1d,processed-data.tar.gz
data/processed/phoenix/through_routes_r1200.parquet,126589,851d0a750457ba0c9d7f74f04b5d588d1f9e3e75095055932d528cd9b6d3e0cf,processed-data.tar.gz
data/processed/phoenix/through_routes_r1600.parquet,127072,2d18d9b656e482a2eedab02845e016a579e89bf6051e83ac6166d0ae9cf04735,processed-data.tar.gz
data/processed/phoenix/through_routes_r400.parquet,120655,9c4b62f3226707e090bb0036f1cddc317276824d6de5021e2b23226eb10247dd,processed-data.tar.gz
data/processed/phoenix/through_routes_r800.parquet,144190,f182c8e160ffe1e0a76a06580991f3f0585355ca0ec62b5abc199caafa00c114,processed-data.tar.gz
data/processed/phoenix/tract_density.gpkg,2871296,10cf5be78c1ea411b4709eafe98d4bef085eb3998e59bdd398b2acba0069348c,processed-data.tar.gz
data/processed/phoenix__aadtfree/catchments_r1200.parquet,6900902,f9e46045760627391c9d4f71e7269671f1f2ecc1f5876e6ed7dff6df0e08e950,processed-data.tar.gz
data/processed/phoenix__aadtfree/catchments_r1600.parquet,6829156,46cef5c80c8b6bc48c5ea22585ac1cc3eb77490a8213148fac2b22f25c20641d,processed-data.tar.gz
data/processed/phoenix__aadtfree/catchments_r400.parquet,7083231,917c47b73f22bd36c93a4d89c0cda03ae9577b26cdb668bd15bf180a19d03691,processed-data.tar.gz
data/processed/phoenix__aadtfree/catchments_r800.parquet,6987505,9f0e6bd097d4e3e5a8c09529c14f00b9476eafeeb0c24c9edeeaa2ff84551181,processed-data.tar.gz
data/processed/phoenix__aadtfree/cell_metrics.parquet,119375,2404e869dcea85054012452e35c6e7d2da766bca7677e1f0bcc6b809c2034622,processed-data.tar.gz
data/processed/phoenix__aadtfree/controls_r1200.parquet,623976,677de7fe7aa30126157d70f046f9286d30a7455e9a8c463296a469f082376fe4,processed-data.tar.gz
data/processed/phoenix__aadtfree/controls_r1600.parquet,628055,e93f1a7446de053a27549157c2b345f76286880acee50ba6fbf45c062f9adf8f,processed-data.tar.gz
data/processed/phoenix__aadtfree/controls_r400.parquet,596813,2fde895bf8f1cfff47302a5408eeac9affdd657388dd43c403fba830dcd22c71,processed-data.tar.gz
data/processed/phoenix__aadtfree/controls_r800.parquet,616726,d982465cf29a06f1c877936180ef4de403e92c2d65f2dcaaff713d987203dc74,processed-data.tar.gz
data/processed/phoenix__aadtfree/grid.parquet,71025,12900c8ef2320d4673ea77e92dc4129ff12290aea025301d2f53af5bed8b15ee,processed-data.tar.gz
data/processed/phoenix__aadtfree/lodes_blocks.gpkg,2752512,6d4d6d5b5cb2f159754a325c3804f96be8c1c9b88872ec680bc4c4c5896d0fa9,processed-data.tar.gz
data/processed/phoenix__aadtfree/permeability_r1200.parquet,455947,94b1cd4b5ec4c3f09d9a6e7e10a58079f99103cf9678ed224ad87ab4101549c1,processed-data.tar.gz
data/processed/phoenix__aadtfree/permeability_r1600.parquet,468527,5b279f62ce3ce01b136534df177304d3f86f49f289b053d0693a23e54e04a95b,processed-data.tar.gz
data/processed/phoenix__aadtfree/permeability_r400.parquet,391830,a1e137df6b07cd551e0e7c6ca6112cdb13075a9e3c0740ff2d62f36c99ef3716,processed-data.tar.gz
data/processed/phoenix__aadtfree/permeability_r800.parquet,429995,cef3fb531e9e241db502bec95149b88bd84267d0575f13d87dd8d45fd65056a1,processed-data.tar.gz
data/processed/phoenix__aadtfree/segment_betweenness.parquet,56779,bdaf87259b7a9766e9b2c2afe4198f476f61b632c84d4277961f189e13bbcbcb,processed-data.tar.gz
data/processed/phoenix__aadtfree/segments.parquet,1356792,a1fcf139bb88b25dfaf3c3022c7faf93d69ce2d2bea06cc8a6b2888bc5eda2a4,processed-data.tar.gz
data/processed/phoenix__aadtfree/through_routes_r1200.parquet,162987,688db9edebc69267d2e5f33c88034bdad476e1de933f6a474681154b2c2a8c9f,processed-data.tar.gz
data/processed/phoenix__aadtfree/through_routes_r1600.parquet,163490,bd8cbaf35ed8f7052b6a8ddf0b1b16730886dfc45ce6293a9786f1f20314f26d,processed-data.tar.gz
data/processed/phoenix__aadtfree/through_routes_r400.parquet,155250,524583959c479225d2a8f0791316fd7273887a26ec9239e6caa22f4385634137,processed-data.tar.gz
data/processed/phoenix__aadtfree/through_routes_r800.parquet,161568,4daad847d45fa6101f66a4a7dab6242feb36368f8c3a59d0824bb5c0be405e25,processed-data.tar.gz
data/processed/phoenix__aadtfree/tract_density.gpkg,2871296,10cf5be78c1ea411b4709eafe98d4bef085eb3998e59bdd398b2acba0069348c,processed-data.tar.gz
data/processed/phoenix__ablall/catchments_r800.parquet,6551915,89276ebcc1d32d5b5104a1ba1a4109eb3a2f977d6367a7d1b2d739fbe6aee25d,processed-data.tar.gz
data/processed/phoenix__ablall/cell_metrics.parquet,119375,2404e869dcea85054012452e35c6e7d2da766bca7677e1f0bcc6b809c2034622,processed-data.tar.gz
data/processed/phoenix__ablall/segments.parquet,1330438,23983076e0c5b06a61502a3c30653beaf132fdd352e8e1e9370205f5fd003f1d,processed-data.tar.gz
data/processed/phoenix__ablall/through_routes_r800.parquet,165982,78659a7aecc9ffeb7c1b8d6afe64280acb75321526cc64ae07bc07c527dc695d,processed-data.tar.gz
data/processed/phoenix__ablnocap/catchments_r800.parquet,6551915,89276ebcc1d32d5b5104a1ba1a4109eb3a2f977d6367a7d1b2d739fbe6aee25d,processed-data.tar.gz
data/processed/phoenix__ablnocap/cell_metrics.parquet,119375,2404e869dcea85054012452e35c6e7d2da766bca7677e1f0bcc6b809c2034622,processed-data.tar.gz
data/processed/phoenix__ablnocap/segments.parquet,1330438,23983076e0c5b06a61502a3c30653beaf132fdd352e8e1e9370205f5fd003f1d,processed-data.tar.gz
data/processed/phoenix__ablnocap/through_routes_r800.parquet,165208,9d3b3e01fde897e29313e6b378045650cdd23b34eb4bf997e925bdf08f83208f,processed-data.tar.gz
data/processed/phoenix__ablnospan/catchments_r800.parquet,6551915,89276ebcc1d32d5b5104a1ba1a4109eb3a2f977d6367a7d1b2d739fbe6aee25d,processed-data.tar.gz
data/processed/phoenix__ablnospan/cell_metrics.parquet,119375,2404e869dcea85054012452e35c6e7d2da766bca7677e1f0bcc6b809c2034622,processed-data.tar.gz
data/processed/phoenix__ablnospan/segments.parquet,1330438,23983076e0c5b06a61502a3c30653beaf132fdd352e8e1e9370205f5fd003f1d,processed-data.tar.gz
data/processed/phoenix__ablnospan/through_routes_r800.parquet,146032,1d3e27da3df383eb5d72ae4c2ea37c5de9b6e6276e6bf68bcc72b419b05c153c,processed-data.tar.gz
data/processed/phoenix__af_ablall/catchments_r800.parquet,6987505,9f0e6bd097d4e3e5a8c09529c14f00b9476eafeeb0c24c9edeeaa2ff84551181,processed-data.tar.gz
data/processed/phoenix__af_ablall/cell_metrics.parquet,119375,2404e869dcea85054012452e35c6e7d2da766bca7677e1f0bcc6b809c2034622,processed-data.tar.gz
data/processed/phoenix__af_ablall/segments.parquet,1356792,a1fcf139bb88b25dfaf3c3022c7faf93d69ce2d2bea06cc8a6b2888bc5eda2a4,processed-data.tar.gz
data/processed/phoenix__af_ablall/through_routes_r800.parquet,181411,3174c3dd798571711c26233b163f0d1fcef80c73847a405f207e7a37fd2089a7,processed-data.tar.gz
data/processed/phoenix__af_ablnocap/catchments_r800.parquet,6987505,9f0e6bd097d4e3e5a8c09529c14f00b9476eafeeb0c24c9edeeaa2ff84551181,processed-data.tar.gz
data/processed/phoenix__af_ablnocap/cell_metrics.parquet,119375,2404e869dcea85054012452e35c6e7d2da766bca7677e1f0bcc6b809c2034622,processed-data.tar.gz
data/processed/phoenix__af_ablnocap/segments.parquet,1356792,a1fcf139bb88b25dfaf3c3022c7faf93d69ce2d2bea06cc8a6b2888bc5eda2a4,processed-data.tar.gz
data/processed/phoenix__af_ablnocap/through_routes_r800.parquet,189587,16b7c245a27b94b5a27d50522870beb92dc0c608ff74879f73a103a7e147fc93,processed-data.tar.gz
data/processed/phoenix__af_ablnospan/catchments_r800.parquet,6987505,9f0e6bd097d4e3e5a8c09529c14f00b9476eafeeb0c24c9edeeaa2ff84551181,processed-data.tar.gz
data/processed/phoenix__af_ablnospan/cell_metrics.parquet,119375,2404e869dcea85054012452e35c6e7d2da766bca7677e1f0bcc6b809c2034622,processed-data.tar.gz
data/processed/phoenix__af_ablnospan/segments.parquet,1356792,a1fcf139bb88b25dfaf3c3022c7faf93d69ce2d2bea06cc8a6b2888bc5eda2a4,processed-data.tar.gz
data/processed/phoenix__af_ablnospan/through_routes_r800.parquet,163863,73310e0d4f27a8aee3859090ca434eb3145685969778ae67bb411b130cdd9ce7,processed-data.tar.gz
data/processed/phoenix__ar100/catchments_r800.parquet,6551915,89276ebcc1d32d5b5104a1ba1a4109eb3a2f977d6367a7d1b2d739fbe6aee25d,processed-data.tar.gz
data/processed/phoenix__ar100/segments.parquet,1330438,23983076e0c5b06a61502a3c30653beaf132fdd352e8e1e9370205f5fd003f1d,processed-data.tar.gz
data/processed/phoenix__ar100/through_routes_r800.parquet,126117,c9ca58173f217a535838d578589d88a65460e83ed23bb6de4be38bfedeb8fb4f,processed-data.tar.gz
data/processed/phoenix__ar300/catchments_r800.parquet,6551915,89276ebcc1d32d5b5104a1ba1a4109eb3a2f977d6367a7d1b2d739fbe6aee25d,processed-data.tar.gz
data/processed/phoenix__ar300/segments.parquet,1330438,23983076e0c5b06a61502a3c30653beaf132fdd352e8e1e9370205f5fd003f1d,processed-data.tar.gz
data/processed/phoenix__ar300/through_routes_r800.parquet,160448,72cbcf7c32803aaebbb02e5d355eb49da979f36b30c44f6071fde6db7e600997,processed-data.tar.gz
data/processed/phoenix__oneway/catchments_r1200.parquet,6587445,9531d83d9e4ebe9c98c6e27577b471d67484ab6b0c7f02c9815f5717dc97ba9b,processed-data.tar.gz
data/processed/phoenix__oneway/catchments_r1600.parquet,6516440,d5f59b56752bb294023ff795ed5d8e2fb65ef7d83dc532d86ab8fe725f91cdbd,processed-data.tar.gz
data/processed/phoenix__oneway/catchments_r400.parquet,6783356,2eccbdb802c00c57987d66d6997c5a9008d2904c3692045a5a4113afd379d563,processed-data.tar.gz
data/processed/phoenix__oneway/catchments_r800.parquet,6662151,c36fd16350518540a8b5ec34ff307645ee4c3b9ed10e3b0955c6f440474c3b0d,processed-data.tar.gz
data/processed/phoenix__oneway/controls_r800.parquet,566446,e982a2febdb5769a53941ccff310a9f3aebb6cdb290d35e3306e58b4261c3f58,processed-data.tar.gz
data/processed/phoenix__oneway/grid.parquet,71025,12900c8ef2320d4673ea77e92dc4129ff12290aea025301d2f53af5bed8b15ee,processed-data.tar.gz
data/processed/phoenix__oneway/lodes_blocks.gpkg,2752512,6d4d6d5b5cb2f159754a325c3804f96be8c1c9b88872ec680bc4c4c5896d0fa9,processed-data.tar.gz
data/processed/phoenix__oneway/permeability_r800.parquet,398411,12089d50482f0e526abde3872f0dfaf5adbc196f45c36db179d66e8d05b97ed2,processed-data.tar.gz
data/processed/phoenix__oneway/segments.parquet,1333508,2b2291b35f6ea41433c29fb424415e5a899d2dabf5774c76544ea83a8a5a738d,processed-data.tar.gz
data/processed/phoenix__oneway/through_routes_r800.parquet,147473,8a1ac303cad5c3c6998780f9c1b5b0526dba4cc95769420beef4e55b50f60e33,processed-data.tar.gz
data/processed/phoenix__oneway/tract_density.gpkg,2871296,10cf5be78c1ea411b4709eafe98d4bef085eb3998e59bdd398b2acba0069348c,processed-data.tar.gz
data/processed/portland/catchments_r1200.parquet,5682144,062231b8476dc8a0501050c1cbc1ec9aae6d16c6852019e0612e5caf02511cbc,processed-data.tar.gz
data/processed/portland/catchments_r1600.parquet,5552875,28bfdc27f341faca69b32fc93698241a0723e22f42f51ea84489f09cb76bb88a,processed-data.tar.gz
data/processed/portland/catchments_r400.parquet,6241433,d13fa850f910eb248a69c9a23553bb0fa338411126af281c827b17768b86b9bb,processed-data.tar.gz
data/processed/portland/catchments_r800.parquet,5880048,ea1b273488f7c1048003baad9722aa42dbe22879526181f6eaaf5facd5cd7e2e,processed-data.tar.gz
data/processed/portland/cell_metrics.parquet,73287,d8acac0e8840405ba14bbab41be7dd16810394afb777c19e4f9876a121827a32,processed-data.tar.gz
data/processed/portland/controls_r1200.parquet,537916,14bd168c1fc6f0121c081294a05eae0a5d35d9edb5d6f9bc23061fb9a9686212,processed-data.tar.gz
data/processed/portland/controls_r1600.parquet,541037,6566f2255426c93ce92f0a8b3314eeaa11134318db239f36b22de37e7d9b67c2,processed-data.tar.gz
data/processed/portland/controls_r400.parquet,512299,df565b8af8f74c375835447aa3f9987017f4430ddfcafa223375c76e2ed87e00,processed-data.tar.gz
data/processed/portland/controls_r800.parquet,530738,fd6344d0b726d6d216a102873735ff00047bab73ec0574c14f83a0d943f7d87a,processed-data.tar.gz
data/processed/portland/grid.parquet,42569,eb8fe4278a3dabc94f4af8bbd7f66ad0e7f0034ab5f729be31426e4b6b12ffb4,processed-data.tar.gz
data/processed/portland/lodes_blocks.gpkg,2473984,04b82424372225ebe583b20875fb3c3bb63adb027a0154f96622779748417cae,processed-data.tar.gz
data/processed/portland/permeability_r1200.parquet,371518,eca4cd4825819a1c7e7989df2a356d2a2f0b6bc828bd563184ccc46f1579afa1,processed-data.tar.gz
data/processed/portland/permeability_r1600.parquet,383467,6de835491f27ae78869b994fb530e30c57e135b58f5e7d7cdd11323bce699df0,processed-data.tar.gz
data/processed/portland/permeability_r400.parquet,322331,8a0228727d5f1797298f45baf80db6cd8267acdef0afe4b6d957b3ac6566fb26,processed-data.tar.gz
data/processed/portland/permeability_r800.parquet,351897,057ca31ff8195de58b6a7109ee02a78b1e842325185c1f70ecaa7881035242f2,processed-data.tar.gz
data/processed/portland/segment_betweenness.parquet,85458,7a80365202a8042d51216caebade347ea4501792016c85e1d7abf1c8c17e5c91,processed-data.tar.gz
data/processed/portland/segments.parquet,1430054,8d6397630d2a867839be13869e982d15d72c38e1f7c827b88169190fb001b126,processed-data.tar.gz
data/processed/portland/through_routes_r1200.parquet,117395,796a0683be948671faabf1b332986b17b9260d644f8582f786fb88d652a07bf1,processed-data.tar.gz
data/processed/portland/through_routes_r1600.parquet,118197,bd58461d369131cc67d2552b037fdfb95701706ba18ce4e2a44f6b1cdef001df,processed-data.tar.gz
data/processed/portland/through_routes_r400.parquet,111719,43fcb66c6aa1efb44e9ebe273ab1101db1febadf5cd293b13a52807fb158bf46,processed-data.tar.gz
data/processed/portland/through_routes_r800.parquet,140729,7fbf90ee0e185b3f26598756daa37f196fc4fb52bd98394aa252685fd2042bf9,processed-data.tar.gz
data/processed/portland/tract_density.gpkg,2654208,e7616e6c28c24cd248b0e9de306ba051207ab8394452e28cf6e077b65669647c,processed-data.tar.gz
data/processed/portland__aadtfree/catchments_r1200.parquet,5723687,2e02c3ca3f703adacacfbe1348e348a8536963edd060dc9bb4cc943af7433c48,processed-data.tar.gz
data/processed/portland__aadtfree/catchments_r1600.parquet,5597082,19d7e7cac79a07d606acd226cf389f5b3eb746000276bea586d0f8e58980a9be,processed-data.tar.gz
data/processed/portland__aadtfree/catchments_r400.parquet,6279950,1749b1a9a4d3929d32d0be3bbebdfc1ec4d6357f91be826f7a36ca616f2d5104,processed-data.tar.gz
data/processed/portland__aadtfree/catchments_r800.parquet,5915989,f292012e6728a03d7170c02d315d8a9cb2b1773a70cd1bc40f7162d092ce888a,processed-data.tar.gz
data/processed/portland__aadtfree/cell_metrics.parquet,73287,d8acac0e8840405ba14bbab41be7dd16810394afb777c19e4f9876a121827a32,processed-data.tar.gz
data/processed/portland__aadtfree/controls_r1200.parquet,544054,f58cbdd273e2124fddb43267b13710e04ac2c0a7bb802a15738bf92fa62f076c,processed-data.tar.gz
data/processed/portland__aadtfree/controls_r1600.parquet,547501,74fa7afdf57daf978fa126c0e7d1614fb9c9e259e1096207fd3e5c098a393aa9,processed-data.tar.gz
data/processed/portland__aadtfree/controls_r400.parquet,516570,4acecbe516274e942f5f1ad6e30a1088ed7aba41fd4d581c6c21d9754dadae9c,processed-data.tar.gz
data/processed/portland__aadtfree/controls_r800.parquet,536668,70aa9d93045b0846f8957b13e4e33289a886bee24d11b1bc8bd047edf79fc3d8,processed-data.tar.gz
data/processed/portland__aadtfree/grid.parquet,42569,eb8fe4278a3dabc94f4af8bbd7f66ad0e7f0034ab5f729be31426e4b6b12ffb4,processed-data.tar.gz
data/processed/portland__aadtfree/lodes_blocks.gpkg,2473984,04b82424372225ebe583b20875fb3c3bb63adb027a0154f96622779748417cae,processed-data.tar.gz
data/processed/portland__aadtfree/permeability_r1200.parquet,373747,90b264720536b6b9105be9c8a06e7500800d8e132ac4867e7e09a68041172760,processed-data.tar.gz
data/processed/portland__aadtfree/permeability_r1600.parquet,386289,cbb1d449af48d8b2096ebe97ab469b9ef798865a5e7d993754232e18152fa906,processed-data.tar.gz
data/processed/portland__aadtfree/permeability_r400.parquet,323831,8ac2344449ea459309c47ea02f89cad83e77a0bd782b3f886a209fba4fefa452,processed-data.tar.gz
data/processed/portland__aadtfree/permeability_r800.parquet,353575,e86150299dda232e357d140c4d45fe3d65590fd9692ff5ac61ef2dc96b9cb312,processed-data.tar.gz
data/processed/portland__aadtfree/segment_betweenness.parquet,47589,c6faaa38742723745d42bffb47d0b9159a4c06a6746a04094040b21a9948d6ec,processed-data.tar.gz
data/processed/portland__aadtfree/segments.parquet,1440942,456b8d57b63214b2e39925f3d59058666c798ad1e665a7c6795002ccb23e019e,processed-data.tar.gz
data/processed/portland__aadtfree/through_routes_r1200.parquet,144073,244852c6effda870c59e627b31235b9653da3dc7841509b19c727fabf6c4a721,processed-data.tar.gz
data/processed/portland__aadtfree/through_routes_r1600.parquet,144963,117c0c93bd20957fde8c7bfb08ed515d29a589195843ed314c7ae40eccf14a6e,processed-data.tar.gz
data/processed/portland__aadtfree/through_routes_r400.parquet,137308,ae4277095a83c9f9f28a64532f9e326ba32f5cf7cb974dda8b22b3624c0dac00,processed-data.tar.gz
data/processed/portland__aadtfree/through_routes_r800.parquet,142507,fc90d6b72a590c4aef6d4083dd30fa717e61d3f9f0e0503ca9986bb97bcbf0a2,processed-data.tar.gz
data/processed/portland__aadtfree/tract_density.gpkg,2654208,e7616e6c28c24cd248b0e9de306ba051207ab8394452e28cf6e077b65669647c,processed-data.tar.gz
data/processed/portland__ablall/catchments_r800.parquet,5880048,ea1b273488f7c1048003baad9722aa42dbe22879526181f6eaaf5facd5cd7e2e,processed-data.tar.gz
data/processed/portland__ablall/cell_metrics.parquet,73287,d8acac0e8840405ba14bbab41be7dd16810394afb777c19e4f9876a121827a32,processed-data.tar.gz
data/processed/portland__ablall/segments.parquet,1430054,8d6397630d2a867839be13869e982d15d72c38e1f7c827b88169190fb001b126,processed-data.tar.gz
data/processed/portland__ablall/through_routes_r800.parquet,161860,df636bc9c5c4e25ec38f6a5491622e679f225e9289b497bb90a2a880af8f222f,processed-data.tar.gz
data/processed/portland__ablnocap/catchments_r800.parquet,5880048,ea1b273488f7c1048003baad9722aa42dbe22879526181f6eaaf5facd5cd7e2e,processed-data.tar.gz
data/processed/portland__ablnocap/cell_metrics.parquet,73287,d8acac0e8840405ba14bbab41be7dd16810394afb777c19e4f9876a121827a32,processed-data.tar.gz
data/processed/portland__ablnocap/segments.parquet,1430054,8d6397630d2a867839be13869e982d15d72c38e1f7c827b88169190fb001b126,processed-data.tar.gz
data/processed/portland__ablnocap/through_routes_r800.parquet,158254,ea723055178cf612d32b9ccf5272225971b40bf1b43f0a2e9087dea942307063,processed-data.tar.gz
data/processed/portland__ablnospan/catchments_r800.parquet,5880048,ea1b273488f7c1048003baad9722aa42dbe22879526181f6eaaf5facd5cd7e2e,processed-data.tar.gz
data/processed/portland__ablnospan/cell_metrics.parquet,73287,d8acac0e8840405ba14bbab41be7dd16810394afb777c19e4f9876a121827a32,processed-data.tar.gz
data/processed/portland__ablnospan/segments.parquet,1430054,8d6397630d2a867839be13869e982d15d72c38e1f7c827b88169190fb001b126,processed-data.tar.gz
data/processed/portland__ablnospan/through_routes_r800.parquet,145866,7e73b71fa24f025cb9f9ec97c2646419669d77b0b228ccb863a22c686c43b80d,processed-data.tar.gz
data/processed/portland__af_ablall/catchments_r800.parquet,5915989,f292012e6728a03d7170c02d315d8a9cb2b1773a70cd1bc40f7162d092ce888a,processed-data.tar.gz
data/processed/portland__af_ablall/cell_metrics.parquet,73287,d8acac0e8840405ba14bbab41be7dd16810394afb777c19e4f9876a121827a32,processed-data.tar.gz
data/processed/portland__af_ablall/segments.parquet,1440942,456b8d57b63214b2e39925f3d59058666c798ad1e665a7c6795002ccb23e019e,processed-data.tar.gz
data/processed/portland__af_ablall/through_routes_r800.parquet,163010,85974c451057192d2013c75e442b41cabb3082128d74577fafb3b09eb8ae8aac,processed-data.tar.gz
data/processed/portland__af_ablnocap/catchments_r800.parquet,5915989,f292012e6728a03d7170c02d315d8a9cb2b1773a70cd1bc40f7162d092ce888a,processed-data.tar.gz
data/processed/portland__af_ablnocap/cell_metrics.parquet,73287,d8acac0e8840405ba14bbab41be7dd16810394afb777c19e4f9876a121827a32,processed-data.tar.gz
data/processed/portland__af_ablnocap/segments.parquet,1440942,456b8d57b63214b2e39925f3d59058666c798ad1e665a7c6795002ccb23e019e,processed-data.tar.gz
data/processed/portland__af_ablnocap/through_routes_r800.parquet,160720,8dbc56893c4fac882305791ac9f8d90b905e5c368075132a000ed6c52cca781f,processed-data.tar.gz
data/processed/portland__af_ablnospan/catchments_r800.parquet,5915989,f292012e6728a03d7170c02d315d8a9cb2b1773a70cd1bc40f7162d092ce888a,processed-data.tar.gz
data/processed/portland__af_ablnospan/cell_metrics.parquet,73287,d8acac0e8840405ba14bbab41be7dd16810394afb777c19e4f9876a121827a32,processed-data.tar.gz
data/processed/portland__af_ablnospan/segments.parquet,1440942,456b8d57b63214b2e39925f3d59058666c798ad1e665a7c6795002ccb23e019e,processed-data.tar.gz
data/processed/portland__af_ablnospan/through_routes_r800.parquet,146977,68f7474e0b882322d09566b6af488caae86d57c8eeb84eedba3c1eba7f305735,processed-data.tar.gz
data/processed/portland__ar100/catchments_r800.parquet,5880048,ea1b273488f7c1048003baad9722aa42dbe22879526181f6eaaf5facd5cd7e2e,processed-data.tar.gz
data/processed/portland__ar100/segments.parquet,1430054,8d6397630d2a867839be13869e982d15d72c38e1f7c827b88169190fb001b126,processed-data.tar.gz
data/processed/portland__ar100/through_routes_r800.parquet,126738,59add20bd272c6bd8d816e819e7519b6161bad1d170d7cddf701092084aef2ad,processed-data.tar.gz
data/processed/portland__ar300/catchments_r800.parquet,5880048,ea1b273488f7c1048003baad9722aa42dbe22879526181f6eaaf5facd5cd7e2e,processed-data.tar.gz
data/processed/portland__ar300/segments.parquet,1430054,8d6397630d2a867839be13869e982d15d72c38e1f7c827b88169190fb001b126,processed-data.tar.gz
data/processed/portland__ar300/through_routes_r800.parquet,145340,3594ce86ec575ec3905b1f5f974f99fa9fbfdf756fe678c99932ee2cf68719d1,processed-data.tar.gz
data/processed/portland__oneway/catchments_r1200.parquet,6097426,38bb901017846e4ca828c11e86d3a4621249ee1db3cf046e9ec49decd3c04021,processed-data.tar.gz
data/processed/portland__oneway/catchments_r1600.parquet,5965005,edda167eae2c502e792a5f54b4294ced48adf898086e5ea21138dd8887dc4ab3,processed-data.tar.gz
data/processed/portland__oneway/catchments_r400.parquet,6628419,0ecefa8a73a1fee8b8a780821577ba3fec7019c8ba12d537868d64b01ffb0d12,processed-data.tar.gz
data/processed/portland__oneway/catchments_r800.parquet,6287764,db186f4e7e8d9476b4a16671900daf09bf11e4d1557848dfda9996aac2823974,processed-data.tar.gz
data/processed/portland__oneway/controls_r800.parquet,576277,9012895443f742222d1481b8148d4e0244e9e39fd57573fec17ff60209417a2d,processed-data.tar.gz
data/processed/portland__oneway/grid.parquet,42569,eb8fe4278a3dabc94f4af8bbd7f66ad0e7f0034ab5f729be31426e4b6b12ffb4,processed-data.tar.gz
data/processed/portland__oneway/lodes_blocks.gpkg,2473984,04b82424372225ebe583b20875fb3c3bb63adb027a0154f96622779748417cae,processed-data.tar.gz
data/processed/portland__oneway/permeability_r800.parquet,380487,31c2fa921be2446decb97da0139266712065fdfdf85b0dbbbbff5795b2389819,processed-data.tar.gz
data/processed/portland__oneway/segments.parquet,1480208,e023a676042a7d35b3a34f1e853477ddc4e4a5820f6b2fb0f5aedfc191cb7dae,processed-data.tar.gz
data/processed/portland__oneway/through_routes_r800.parquet,152835,c8c8e672dbdafe93fed107d4397c5757d40dd768b719025cb700e1809d87036b,processed-data.tar.gz
data/processed/portland__oneway/tract_density.gpkg,2654208,e7616e6c28c24cd248b0e9de306ba051207ab8394452e28cf6e077b65669647c,processed-data.tar.gz
data/processed/wasatch_front/catchments_r1200.parquet,3711700,e0deb8947740d548062e98d2feb57f371c1c5d02ba505048c9c36b19416bbd5f,processed-data.tar.gz
data/processed/wasatch_front/catchments_r1600.parquet,3660547,e2bc06dde4aac50c9d5bfaeed75ce21696a7e7950881db0519781376d77c02c6,processed-data.tar.gz
data/processed/wasatch_front/catchments_r400.parquet,3920078,3eaa1a085a419d1cddd20412c2440dacb9b6bd486be45569b218edd2383a2830,processed-data.tar.gz
data/processed/wasatch_front/catchments_r800.parquet,3790146,6692f774eeaa692d9a96bf01adc5867a8cd9d4c50517a8ad805fe19a09e962bc,processed-data.tar.gz
data/processed/wasatch_front/cell_metrics.parquet,86239,9cbbaca8e51520bf500535515d8c539d863615413f4d73153be448325a35999e,processed-data.tar.gz
data/processed/wasatch_front/controls_r1200.parquet,364743,848351ad83084d16260ebe098f160c3ecae049d2b29a190a93eacadcb49114da,processed-data.tar.gz
data/processed/wasatch_front/controls_r1600.parquet,365862,49629b0f04db48ba2a86ca4721fbda81f4b0e088e1c3dfc64238b1aeb3b3e6c3,processed-data.tar.gz
data/processed/wasatch_front/controls_r400.parquet,351141,f504a5486addae0d43ed94559fc3fba815fa8089139ea0c24d3a02a20f0d3b3d,processed-data.tar.gz
data/processed/wasatch_front/controls_r800.parquet,360220,04eff4ff338c08e30daeab7d09a092684750d5db0a990a716e7f9431c485d04e,processed-data.tar.gz
data/processed/wasatch_front/grid.parquet,51900,ed95cfc13a3a8cd2f39b54bc51992fe58cd93337a2af2df29d30364ba14bc693,processed-data.tar.gz
data/processed/wasatch_front/lodes_blocks.gpkg,2330624,4331f649e5258cac1a70284d99dc79594abd4802eb25d42d4d75f18f139bad25,processed-data.tar.gz
data/processed/wasatch_front/permeability_r1200.parquet,264207,48390fe52f9afcccf3b545ca8bd81a44bb800b3bebf19ac8e6be32d3fefd39c9,processed-data.tar.gz
data/processed/wasatch_front/permeability_r1600.parquet,271219,ca918eba6a8af5d3df20087da83b61acddb4eaa9d1662dddcce8bc19ffe3272a,processed-data.tar.gz
data/processed/wasatch_front/permeability_r400.parquet,228933,2268f2a507759a0e520f384366d9229f7da7e2c67ca5482ee65e9a1edfc968fb,processed-data.tar.gz
data/processed/wasatch_front/permeability_r800.parquet,250289,4030b7e02ef9a4859a3a189fb6553d2c500c3eb4bebafc3a2286a871e3a1b311,processed-data.tar.gz
data/processed/wasatch_front/segment_betweenness.parquet,60353,ea1b3016e0934aff60e7d47b744000b4f9adafc4b246bbb478c86e785e6498b6,processed-data.tar.gz
data/processed/wasatch_front/segments.parquet,783836,b3f6bbe3321a514194bbeb6bcdebea46ac8e5497c7e6397873a39160a51588ec,processed-data.tar.gz
data/processed/wasatch_front/through_routes_r1200.parquet,79737,e61e5e28c1abb502bc4e57cb9dcaee6b943fd8d7740836975e90715accbd0aae,processed-data.tar.gz
data/processed/wasatch_front/through_routes_r1600.parquet,80241,dfec18ac972d3fcf2e8d309de137fd992522e16c81f2c82c95fccc3bb5acc3ec,processed-data.tar.gz
data/processed/wasatch_front/through_routes_r400.parquet,76443,99a29aafbd8052a5eca1520316db224b1cc8a834ed6010f38bf109fe65c89158,processed-data.tar.gz
data/processed/wasatch_front/through_routes_r800.parquet,92476,793a15c37c0735203423ec097f2f62be7e054bdce8d96b27bf793ef1f7c9820b,processed-data.tar.gz
data/processed/wasatch_front/tract_density.gpkg,2936832,00c593df67c630812388db25c4658bbe92b4ea6129a41a4f8ce49ef6fd6c6af6,processed-data.tar.gz
data/processed/wasatch_front__aadtfree/catchments_r1200.parquet,4399551,a7f6f51f820b938eafe8c2460b6aadf591b332bb7ddcabcfee374c8a4239e3af,processed-data.tar.gz
data/processed/wasatch_front__aadtfree/catchments_r1600.parquet,4348510,1ed7d4b30494a082a6647eb5441acf42d36c8c61304fbca2411f3f9392b9cf28,processed-data.tar.gz
data/processed/wasatch_front__aadtfree/catchments_r400.parquet,4583868,1616dfad76f15ef4a6cbc6d9f1a85602e63fe1f41eedeaf42fb61e94549dbbf4,processed-data.tar.gz
data/processed/wasatch_front__aadtfree/catchments_r800.parquet,4451759,3c44e5c94f29714b4fd1c8d67b06eea23d00afe8344aea519c3a9322276e323a,processed-data.tar.gz
data/processed/wasatch_front__aadtfree/cell_metrics.parquet,86239,9cbbaca8e51520bf500535515d8c539d863615413f4d73153be448325a35999e,processed-data.tar.gz
data/processed/wasatch_front__aadtfree/controls_r1200.parquet,457223,5508d6d2d19c990cda7e814aa4089d60822495eb20e1d2315d854e33675dc849,processed-data.tar.gz
data/processed/wasatch_front__aadtfree/controls_r1600.parquet,459325,8dbfa95f4d57cb1262f18872337ef8d6d3001c2539c71dd7844ba9d32afae56e,processed-data.tar.gz
data/processed/wasatch_front__aadtfree/controls_r400.parquet,435452,07a4b5eb2b7223d1350cbc7fca864b6cce97c744e31ca3e342799827d9b498f9,processed-data.tar.gz
data/processed/wasatch_front__aadtfree/controls_r800.parquet,450661,dd98a82482fe89b39bf5ca0d700c4a895afca7cfb1811fc73f96eea17b57923a,processed-data.tar.gz
data/processed/wasatch_front__aadtfree/grid.parquet,51900,ed95cfc13a3a8cd2f39b54bc51992fe58cd93337a2af2df29d30364ba14bc693,processed-data.tar.gz
data/processed/wasatch_front__aadtfree/lodes_blocks.gpkg,2330624,4331f649e5258cac1a70284d99dc79594abd4802eb25d42d4d75f18f139bad25,processed-data.tar.gz
data/processed/wasatch_front__aadtfree/permeability_r1200.parquet,323807,05848be8009e8c505e50ea556d800ef32f582dc35e73622cf6d8f166b33a307a,processed-data.tar.gz
data/processed/wasatch_front__aadtfree/permeability_r1600.parquet,333140,737774dd3d94b40c9a51e0c600ae04876432e46d1167288698d06165d58e2300,processed-data.tar.gz
data/processed/wasatch_front__aadtfree/permeability_r400.parquet,280346,c6f0ea8ec2fe9c13a15663669133e6e0df9bf318abc023c3f776ac4eea3a7abc,processed-data.tar.gz
data/processed/wasatch_front__aadtfree/permeability_r800.parquet,306518,4961748460da5ffec1a49cdee2f47a807db364ca10b6fee2aa6003e62a9c1136,processed-data.tar.gz
data/processed/wasatch_front__aadtfree/segment_betweenness.parquet,36983,9d00d239b46fd3fb7d69119efdb50d629f51a1db509a7186623b11c5362a0e4a,processed-data.tar.gz
data/processed/wasatch_front__aadtfree/segments.parquet,814494,58e7bcf80678c0dde8a4b785e8731497b4cd88100fb949b53bbcfc853dc5479d,processed-data.tar.gz
data/processed/wasatch_front__aadtfree/through_routes_r1200.parquet,115389,539958b4654b4f1769820d4f54e136afbbc62478d615ae3e5e616f75ec82002e,processed-data.tar.gz
data/processed/wasatch_front__aadtfree/through_routes_r1600.parquet,115894,a091b74aded6b96c310bd67cbf911c7db57fa3d517d38854e943bb1d6892b60b,processed-data.tar.gz
data/processed/wasatch_front__aadtfree/through_routes_r400.parquet,110504,bc30c7ec0ebb0ac634ae24162d9ef19643605c9829bf666f6c8a1ed189f0ad6d,processed-data.tar.gz
data/processed/wasatch_front__aadtfree/through_routes_r800.parquet,114196,eadb634f8c367ee3cec855df352f3b1f4fa61707560b9cda85cfdcebe32172ef,processed-data.tar.gz
data/processed/wasatch_front__aadtfree/tract_density.gpkg,2936832,00c593df67c630812388db25c4658bbe92b4ea6129a41a4f8ce49ef6fd6c6af6,processed-data.tar.gz
data/processed/wasatch_front__ablall/catchments_r800.parquet,3790146,6692f774eeaa692d9a96bf01adc5867a8cd9d4c50517a8ad805fe19a09e962bc,processed-data.tar.gz
data/processed/wasatch_front__ablall/cell_metrics.parquet,86239,9cbbaca8e51520bf500535515d8c539d863615413f4d73153be448325a35999e,processed-data.tar.gz
data/processed/wasatch_front__ablall/segments.parquet,783836,b3f6bbe3321a514194bbeb6bcdebea46ac8e5497c7e6397873a39160a51588ec,processed-data.tar.gz
data/processed/wasatch_front__ablall/through_routes_r800.parquet,114063,15625ef878b7cbc322ea85fdfa1fc9dcb390b72af9f6cccdddcc227d7a3eae32,processed-data.tar.gz
data/processed/wasatch_front__ablnocap/catchments_r800.parquet,3790146,6692f774eeaa692d9a96bf01adc5867a8cd9d4c50517a8ad805fe19a09e962bc,processed-data.tar.gz
data/processed/wasatch_front__ablnocap/cell_metrics.parquet,86239,9cbbaca8e51520bf500535515d8c539d863615413f4d73153be448325a35999e,processed-data.tar.gz
data/processed/wasatch_front__ablnocap/segments.parquet,783836,b3f6bbe3321a514194bbeb6bcdebea46ac8e5497c7e6397873a39160a51588ec,processed-data.tar.gz
data/processed/wasatch_front__ablnocap/through_routes_r800.parquet,104043,4393246bee04f76a9a2722da25116e8e1655198f8b02bc913a830f61c27ecfd2,processed-data.tar.gz
data/processed/wasatch_front__ablnospan/catchments_r800.parquet,3790146,6692f774eeaa692d9a96bf01adc5867a8cd9d4c50517a8ad805fe19a09e962bc,processed-data.tar.gz
data/processed/wasatch_front__ablnospan/cell_metrics.parquet,86239,9cbbaca8e51520bf500535515d8c539d863615413f4d73153be448325a35999e,processed-data.tar.gz
data/processed/wasatch_front__ablnospan/segments.parquet,783836,b3f6bbe3321a514194bbeb6bcdebea46ac8e5497c7e6397873a39160a51588ec,processed-data.tar.gz
data/processed/wasatch_front__ablnospan/through_routes_r800.parquet,93343,fc6e743a23a0a7a21caf0b6c9fa8eb9e51cf5eb72586c4d0b35bb57ed47a10d7,processed-data.tar.gz
data/processed/wasatch_front__af_ablall/catchments_r800.parquet,4451759,3c44e5c94f29714b4fd1c8d67b06eea23d00afe8344aea519c3a9322276e323a,processed-data.tar.gz
data/processed/wasatch_front__af_ablall/cell_metrics.parquet,86239,9cbbaca8e51520bf500535515d8c539d863615413f4d73153be448325a35999e,processed-data.tar.gz
data/processed/wasatch_front__af_ablall/segments.parquet,814494,58e7bcf80678c0dde8a4b785e8731497b4cd88100fb949b53bbcfc853dc5479d,processed-data.tar.gz
data/processed/wasatch_front__af_ablall/through_routes_r800.parquet,134560,3d6bff2997a12e5e4456642f3742d424cdb8aa6e51a02588fe1c9d44b44fd6f1,processed-data.tar.gz
data/processed/wasatch_front__af_ablnocap/catchments_r800.parquet,4451759,3c44e5c94f29714b4fd1c8d67b06eea23d00afe8344aea519c3a9322276e323a,processed-data.tar.gz
data/processed/wasatch_front__af_ablnocap/cell_metrics.parquet,86239,9cbbaca8e51520bf500535515d8c539d863615413f4d73153be448325a35999e,processed-data.tar.gz
data/processed/wasatch_front__af_ablnocap/segments.parquet,814494,58e7bcf80678c0dde8a4b785e8731497b4cd88100fb949b53bbcfc853dc5479d,processed-data.tar.gz
data/processed/wasatch_front__af_ablnocap/through_routes_r800.parquet,133709,c07733ce47cca24dff024f8aa0e61e1413108022780f246e0992678d763c70bf,processed-data.tar.gz
data/processed/wasatch_front__af_ablnospan/catchments_r800.parquet,4451759,3c44e5c94f29714b4fd1c8d67b06eea23d00afe8344aea519c3a9322276e323a,processed-data.tar.gz
data/processed/wasatch_front__af_ablnospan/cell_metrics.parquet,86239,9cbbaca8e51520bf500535515d8c539d863615413f4d73153be448325a35999e,processed-data.tar.gz
data/processed/wasatch_front__af_ablnospan/segments.parquet,814494,58e7bcf80678c0dde8a4b785e8731497b4cd88100fb949b53bbcfc853dc5479d,processed-data.tar.gz
data/processed/wasatch_front__af_ablnospan/through_routes_r800.parquet,115336,ce0ddf19012e139b0dcb5eb9e50e6194111c4863d73b797dddbea262be195777,processed-data.tar.gz
data/processed/wasatch_front__ar100/catchments_r800.parquet,3790146,6692f774eeaa692d9a96bf01adc5867a8cd9d4c50517a8ad805fe19a09e962bc,processed-data.tar.gz
data/processed/wasatch_front__ar100/segments.parquet,783836,b3f6bbe3321a514194bbeb6bcdebea46ac8e5497c7e6397873a39160a51588ec,processed-data.tar.gz
data/processed/wasatch_front__ar100/through_routes_r800.parquet,77437,09be5d67173edcb6d947d3df77eb19f99e1839b399d6519b72e9bfd730b2ccfa,processed-data.tar.gz
data/processed/wasatch_front__ar300/catchments_r800.parquet,3790146,6692f774eeaa692d9a96bf01adc5867a8cd9d4c50517a8ad805fe19a09e962bc,processed-data.tar.gz
data/processed/wasatch_front__ar300/segments.parquet,783836,b3f6bbe3321a514194bbeb6bcdebea46ac8e5497c7e6397873a39160a51588ec,processed-data.tar.gz
data/processed/wasatch_front__ar300/through_routes_r800.parquet,102266,02756ab803d161d7b091d46bc906ae0e8e844327c4909770dc7c86cfe94fb7a6,processed-data.tar.gz
data/processed/wasatch_front__oneway/catchments_r1200.parquet,3745572,bfa009ed047ef865fc0cd5c4f133d9b430c7ae4a28f51617642e2f735928723f,processed-data.tar.gz
data/processed/wasatch_front__oneway/catchments_r1600.parquet,3684026,5bb5d1fa03a2b8e309e274f0f251d39283073d29e4e9f1b933086207d9d020ca,processed-data.tar.gz
data/processed/wasatch_front__oneway/catchments_r400.parquet,3951161,0fd5d340ef10f392eabc213a0d6e2f1e234fe10e747ae281ac03be35ecf61f06,processed-data.tar.gz
data/processed/wasatch_front__oneway/catchments_r800.parquet,3824990,11adb6e4052788b8132f03695f57986e3c46a56c0dba6b0dcb7805b338b3bac2,processed-data.tar.gz
data/processed/wasatch_front__oneway/controls_r800.parquet,363888,b4a2447cc73267dcd970c47e2132a0cb90078acccc560cd42cbe1fd610f2ef2b,processed-data.tar.gz
data/processed/wasatch_front__oneway/grid.parquet,51900,ed95cfc13a3a8cd2f39b54bc51992fe58cd93337a2af2df29d30364ba14bc693,processed-data.tar.gz
data/processed/wasatch_front__oneway/lodes_blocks.gpkg,2330624,4331f649e5258cac1a70284d99dc79594abd4802eb25d42d4d75f18f139bad25,processed-data.tar.gz
data/processed/wasatch_front__oneway/permeability_r800.parquet,252633,a9de967ade458618cd7ae97e1c8d5297037c247061499368fc1b050eb05a8193,processed-data.tar.gz
data/processed/wasatch_front__oneway/segments.parquet,788649,520fb4efc053b7a88078b6e9880b63b07cbf7cfe034aa8d5f37a89f78de48690,processed-data.tar.gz
data/processed/wasatch_front__oneway/through_routes_r800.parquet,93455,989b578bde06aa73ea58ce52aa635c49e4393811fd2d590ecc61d21d7909b640,processed-data.tar.gz
data/processed/wasatch_front__oneway/tract_density.gpkg,2936832,00c593df67c630812388db25c4658bbe92b4ea6129a41a4f8ce49ef6fd6c6af6,processed-data.tar.gz
data/raw/_hpms_currency/hpms_2024_national.zip,2623940113,129b868c0c6d684f63ea137e6a1658495e5a6b520af2bbfc62785c4f31b8c83f,hpms_2024_national.zip (reassemble data-assets.json pieces)
data/raw/boston/building_footprints/footprints_ua.parquet,124244210,95de12962e91342ae0e34348d6be691e3d53a60b68f485209a8eb6d05ff35ecb,raw-boston.tar.gz
data/raw/boston/census/tl_2020_25_tabblock20.zip,59772967,a48947764b74c637d8d1f5fce7cf03352e521207c3750612b548e17aba5a62cb,raw-boston.tar.gz
data/raw/boston/census/tl_2023_25_tract.zip,4505637,3b27db90448e6c2660b97d038e998849f87d986a7efae25a7a36946d1ec17c82,raw-boston.tar.gz
data/raw/boston/census/tl_2023_33_tract.zip,1517917,3c5097423aa8b93c18e91c361097c1197ee55395a85e6a0db9f61b24759c6d3d,raw-boston.tar.gz
data/raw/boston/census/tl_2023_us_uac20.zip,73634784,fa4f2098f0010a8c1ae22ffe464be6255236c4b7439e96a50f3deb26d6165ce7,raw-boston.tar.gz
data/raw/boston/census/tracts.gpkg,5201920,fa1362ff42d38d3dd6542776999dd83e7d39b51dd917f65d396b15371a55c0cc,raw-boston.tar.gz
data/raw/boston/census/urban_area.gpkg,1388544,0f4fe5fc986d0027363534210df4aa973cc034655bd0fbb2fbd6dba64056b643,raw-boston.tar.gz
data/raw/boston/hpms/hpms2018_bbox_raw.gpkg,28028928,57b106262b8823c241c7f735beef9f4cc03b2a831e24efcd00799fbc60273be2,raw-boston.tar.gz
data/raw/boston/hpms/hpms2018_ua_all.gpkg,22114304,36dec81a6243fb3b3926245a5bd270f9278aa75171d90c02337ce88bafc6973e,raw-boston.tar.gz
data/raw/boston/hpms/hpms2018_ua_analysis.gpkg,18120704,58e392699751e28fc93130867057ea36da664c1309e958f339d00717fba1fcae,raw-boston.tar.gz
data/raw/boston/lodes/ma_wac_S000_JT00_2018.csv.gz,1217124,fddbd842d1f43062d2e46f9db699216311ac44e8784844839ec941e2e4faff03,raw-boston.tar.gz
data/raw/boston/osm/network_urban_area_all.gpkg,132001792,e82fbf64a5565813c428b8ed59e924addc60fd20a7bb3d3b813d9c372a2450cb,raw-boston.tar.gz
data/raw/boston/osm/network_urban_area_local.gpkg,77213696,c9b4caa82bb969e13d4bb1171e47995d0638c593e27ff218e8d7d42fba9cd73b,raw-boston.tar.gz
data/raw/boston/osm/network_urban_area_major.gpkg,38035456,fea1cfdbc12f7ae7fc59b7a9eb1c782be0d0cd3e2556920e17a85ee65726dfd8,raw-boston.tar.gz
data/raw/boston/osm_poi/pois.gpkg,589824,fe287d354547bb7111a986f1b926d329ba72dbf6c7907cdee0162c84963ed53a,raw-boston.tar.gz
data/raw/charlotte/building_footprints/footprints_ua.parquet,52046994,ace942dd9c775168c1502d6d0cd11505bfe7af6429060b20ddeb3d452527d1dc,raw-charlotte.tar.gz
data/raw/charlotte/census/tl_2020_37_tabblock20.zip,202604850,69e7858e097d7abcada9a346f94262a6113ad89ab78443653e6079818b555c5b,raw-charlotte.tar.gz
data/raw/charlotte/census/tl_2020_45_tabblock20.zip,113142059,ec87a7d9b792db37f8619206dc4bf226fdfbf570d4eed851ecc203d59f015ee6,raw-charlotte.tar.gz
data/raw/charlotte/census/tl_2023_37_tract.zip,20052729,00382feec5c22c796ef6701cb11a89b0fe698b05f04cb2c98372e4c4c9264c9d,raw-charlotte.tar.gz
data/raw/charlotte/census/tl_2023_45_tract.zip,9890505,629d9cda19023ecf15e2005513c1928a04a831a9db395caf10e2d60f0e7cb1ca,raw-charlotte.tar.gz
data/raw/charlotte/census/tl_2023_us_uac20.zip,73634784,fa4f2098f0010a8c1ae22ffe464be6255236c4b7439e96a50f3deb26d6165ce7,raw-charlotte.tar.gz
data/raw/charlotte/census/tracts.gpkg,2306048,5995dd6adaf0bd039e4ef53dde3caa3055ec477be3f13e367ff08a6e35248b7f,raw-charlotte.tar.gz
data/raw/charlotte/census/urban_area.gpkg,782336,f526b7511360001c8748d711516012bb39496818edd4a107d6b6542585a4c8cb,raw-charlotte.tar.gz
data/raw/charlotte/hpms/hpms2018_bbox_raw.gpkg,7532544,4d40f26aa0295d19a5660753162705f3a59554aa0b62e4e4ce2ef15e9a278d4e,raw-charlotte.tar.gz
data/raw/charlotte/hpms/hpms2018_ua_all.gpkg,3829760,3589f256733633154277a9fb79c9c3e08000b4220cd77336c7a4d501e0c5ebf4,raw-charlotte.tar.gz
data/raw/charlotte/hpms/hpms2018_ua_analysis.gpkg,2461696,6b16e74b9336f7f7e6d9403991d09d39b3922679a89b072784f1c18857256e9d,raw-charlotte.tar.gz
data/raw/charlotte/lodes/nc_wac_S000_JT00_2018.csv.gz,1809470,efc55cc07a471bf7000b7c7e112709d5ff077bc05aa5b4c43a8729839af9c8f8,raw-charlotte.tar.gz
data/raw/charlotte/lodes/sc_wac_S000_JT00_2018.csv.gz,875158,ca4314b8d5594d8c7989713e3457a54770b979833417450c9189378de8793681,raw-charlotte.tar.gz
data/raw/charlotte/osm/network_urban_area_all.gpkg,52662272,6fe719375acdad37e60161b972b5e1d66f1c016999b829a3bc2c8603ae507f80,raw-charlotte.tar.gz
data/raw/charlotte/osm/network_urban_area_local.gpkg,36450304,ca7c6f42c279f7f548c154f60dc8e70d942768be90cb7e08a0988d77b97ac87d,raw-charlotte.tar.gz
data/raw/charlotte/osm/network_urban_area_major.gpkg,8859648,9e416cbd5373ec7c1280c8ef2e7ec42801da38363041d84694fea9c8d8edec31,raw-charlotte.tar.gz
data/raw/denver/building_footprints/footprints_ua.gpkg,231124992,fc71be35bee8fac72866c39189d89aa71f963cff1683642ee9b5717f5bb5a52e,raw-denver.tar.gz
data/raw/denver/building_footprints/footprints_ua.parquet,90802411,99876b13982b9470aedcca79b98876628aa78690e8d9848e8707bf5189d36cbc,raw-denver.tar.gz
data/raw/denver/census/tl_2020_08_tabblock20.zip,128145392,5ac6d0838fd41f60db38d631eda607d75c0f918a3808ae7b3a53053346c9f1e2,raw-denver.tar.gz
data/raw/denver/census/tl_2023_08_tract.zip,8366552,fdaa86dbfdd93f751e677f317874d5dc1db8f7a917b83c74cccd65f909384dd0,raw-denver.tar.gz
data/raw/denver/census/tl_2023_us_uac20.zip,73634784,fa4f2098f0010a8c1ae22ffe464be6255236c4b7439e96a50f3deb26d6165ce7,raw-denver.tar.gz
data/raw/denver/census/tracts.gpkg,2686976,25ad507367316a81114c4856a62a8798abe61098caa63a0a53583ab0c9aa33ab,raw-denver.tar.gz
data/raw/denver/census/urban_area.gpkg,315392,f64d07bc7ee3ed9880d48c053ea31d8703549c18c100aef53187865c5761e8ef,raw-denver.tar.gz
data/raw/denver/hpms/hpms2018_bbox_raw.gpkg,6590464,ff4cdef1daa381d6572aadb1358f53eec61891fb1534a188302894bbe59fcebd,raw-denver.tar.gz
data/raw/denver/hpms/hpms2018_ua_all.gpkg,5472256,07e0cbff3a1a365adbd2e08c0c8f53bbf56f05c71bf99e3e378234fe609af778,raw-denver.tar.gz
data/raw/denver/hpms/hpms2018_ua_analysis.gpkg,3801088,72038ce3ee6fb8d3cbc6396d736745644f2fe195238a52b7e74d269937aa1354,raw-denver.tar.gz
data/raw/denver/lodes/co_wac_S000_JT00_2018.csv.gz,1108258,7b271a5c2307c9dd8abf082186c4c18d6220dcc3fc5d1e73f7b7a20c94acc673,raw-denver.tar.gz
data/raw/denver/osm/network_test_all.gpkg,442368,3be3b5c8bb83c678776c2e8e7681be92fa062bb9bb28a4f385d784ba4bc4aee1,raw-denver.tar.gz
data/raw/denver/osm/network_test_local.gpkg,266240,e0c39ddb6a6c651ea180a50b21e1d0b8091c3ce8b1b1e7d964c05ec70f38104a,raw-denver.tar.gz
data/raw/denver/osm/network_test_major.gpkg,217088,e01a3e03aced5c14ede6c532f66267a6bb690e8fe60e699418a4e598b739772c,raw-denver.tar.gz
data/raw/denver/osm/network_urban_area_all.gpkg,80420864,8ae6ccd77b6a9456c8709808df4ffc2aade87054fbd9626eee09a526a8ddf923,raw-denver.tar.gz
data/raw/denver/osm/network_urban_area_local.gpkg,51818496,2343e5571d80028c3bd7746537564a90ccab8a5ec02d85f1c4d6635e33742ad7,raw-denver.tar.gz
data/raw/denver/osm/network_urban_area_major.gpkg,17784832,9a73d9015746a302e87f8771bd65c0291f65aa365baeaa112cf053766a60935c,raw-denver.tar.gz
data/raw/denver/osm_poi/pois.gpkg,12505088,793179873b7d4fc8bd630c8780e6547b72896c8d0b3656361fba3eb86d9b2a47,raw-denver.tar.gz
data/raw/phoenix/building_footprints/footprints_ua.parquet,166652547,5dabf290c2df1c90a96398ad77a49aedf6c7fb109c5f742a9f1d3956b444d04b,raw-phoenix.tar.gz
data/raw/phoenix/census/tl_2020_04_tabblock20.zip,118544676,e28a77bd86e059d3a1c893391f52f7d975c0e40f431b85fdb787eb8707025092,raw-phoenix.tar.gz
data/raw/phoenix/census/tl_2023_04_tract.zip,8513153,e5d9992600b65abf88eb224ee587d4c5137101459ef9b0b4626b856d4bf8d830,raw-phoenix.tar.gz
data/raw/phoenix/census/tl_2023_us_uac20.zip,73634784,fa4f2098f0010a8c1ae22ffe464be6255236c4b7439e96a50f3deb26d6165ce7,raw-phoenix.tar.gz
data/raw/phoenix/census/tracts.gpkg,2830336,1adbcd19d866eb725e8c675fe359270fa84daf32a4e7926fa03ac561f116b0f6,raw-phoenix.tar.gz
data/raw/phoenix/census/urban_area.gpkg,417792,191a0e375015730608bf19fde6f987ad4e183fadd94b9d9fbde2780f7a55a604,raw-phoenix.tar.gz
data/raw/phoenix/hpms/hpms2018_bbox_raw.gpkg,8470528,49b7bdf93bca8d5b5ecb62d4b3895acd95e16c89c1ef3aec09af489af09270fc,raw-phoenix.tar.gz
data/raw/phoenix/hpms/hpms2018_ua_all.gpkg,6975488,3d35fe316aedeb693c1bd0b133a7566738e106d486beca0db2a4a013fddcde52,raw-phoenix.tar.gz
data/raw/phoenix/hpms/hpms2018_ua_analysis.gpkg,4296704,3012b3c93c1f8164e9e1f3651545facbfc10b8c806829d131c488a9e8971a69c,raw-phoenix.tar.gz
data/raw/phoenix/lodes/az_wac_S000_JT00_2018.csv.gz,876575,4d94e712251b9dd83fc649a600fb5ea3ade85708f8e314fc0d893ff8279f5862,raw-phoenix.tar.gz
data/raw/phoenix/osm/network_urban_area_all.gpkg,110936064,4939cb1021230ef8e891c28b3fd110458e5b6fc7c4b455a5440247c53294234b,raw-phoenix.tar.gz
data/raw/phoenix/osm/network_urban_area_local.gpkg,72499200,8e32138daebd33927f9368d5bb6c73e6b0cd2be5b79bcb37b47266c92550351b,raw-phoenix.tar.gz
data/raw/phoenix/osm/network_urban_area_major.gpkg,22388736,1704a527006a38070d64dfcccca79923a84be96888b3b5239769742279d5e018,raw-phoenix.tar.gz
data/raw/phoenix/osm_poi/pois.gpkg,196608,0676b45f85a309747cdf112d2191aee79d764668a948a691aaa261af192f1798,raw-phoenix.tar.gz
data/raw/portland/building_footprints/footprints_ua.parquet,80947344,274bf762a44fd095dbb094d5afbb3cc001407c662e5caf0954c73042b3f940b8,raw-portland.tar.gz
data/raw/portland/census/tl_2020_41_tabblock20.zip,182326368,cda26df1ad210c1e369b724c382fb112467763b2d977e2430bcd85a7e27e7d78,raw-portland.tar.gz
data/raw/portland/census/tl_2020_53_tabblock20.zip,117231565,70433b65e94daa941c35974ee7f53d09b0f9bd7a0ff25c4593864ae49b5a0058,raw-portland.tar.gz
data/raw/portland/census/tl_2023_41_tract.zip,10671136,96ae3332bc093b7815a295b42fc3595487a1297627a67ce5d885df43f29f8b5e,raw-portland.tar.gz
data/raw/portland/census/tl_2023_53_tract.zip,9856918,5262c114383919e7e5fa619876c218cbb5a593b179152e8bc9e049db03ff3788,raw-portland.tar.gz
data/raw/portland/census/tl_2023_us_uac20.zip,73634784,fa4f2098f0010a8c1ae22ffe464be6255236c4b7439e96a50f3deb26d6165ce7,raw-portland.tar.gz
data/raw/portland/census/tracts.gpkg,2625536,6d1c3809e97171c677c96f7e7b96266588cfd33b3b08cdb5a2d03df4a55f248b,raw-portland.tar.gz
data/raw/portland/census/urban_area.gpkg,434176,ac0e306d353288b4270e2bd94bb647a53ab6ed800121580d07812c368d10914c,raw-portland.tar.gz
data/raw/portland/hpms/hpms2018_bbox_raw.gpkg,5926912,d519e0de9c568b7ea195c1e33271fffb0684b5824a27870bdf98e42b84852c6a,raw-portland.tar.gz
data/raw/portland/hpms/hpms2018_ua_all.gpkg,5001216,dac70d41c46480925bea07af8eeb291ed85f73310c865b4afd1586df40e69b69,raw-portland.tar.gz
data/raw/portland/hpms/hpms2018_ua_analysis.gpkg,3723264,3b6620be22b3bce9d44847e8ebd05a25ff755a7b57b14d3a25cae6d20efaa5d5,raw-portland.tar.gz
data/raw/portland/lodes/or_wac_S000_JT00_2018.csv.gz,943935,431e872b89230782f6981338e0b9dd34f5f83f06a856b5b4285fe97164c38429,raw-portland.tar.gz
data/raw/portland/lodes/wa_wac_S000_JT00_2018.csv.gz,1283957,b6a6b1d31fca145b23e1b05ba6ec3ad700c97ab54fc54bfd87a22218eb21c843,raw-portland.tar.gz
data/raw/portland/osm/network_urban_area_all.gpkg,66293760,555cce77a7aa62aaac5a65335b58019fbb2435195228f76a128f09df0eeb1f5c,raw-portland.tar.gz
data/raw/portland/osm/network_urban_area_local.gpkg,42180608,d2c1fa6de2312da4325ebb5ce0830bc830a40319bb35e7a85a04c23b48051625,raw-portland.tar.gz
data/raw/portland/osm/network_urban_area_major.gpkg,15036416,4cf9480c143d4fa991bab83a1e42b74034fe14675452e5e79b54e10cc97cd390,raw-portland.tar.gz
data/raw/portland/osm_poi/pois.gpkg,7282688,7ef23feb6bcdffd9ceecbbe0392d1fc67b4ef69af51ccc91969234e1edc1d389,raw-portland.tar.gz
data/raw/wasatch_front/building_footprints/footprints_ua.parquet,86253938,64ca58ad9a6cdc704186b5afcd1406a8ca97ec5b3710b6ad1164257e4567afe5,raw-wasatch_front.tar.gz
data/raw/wasatch_front/census/tl_2020_49_tabblock20.zip,100814106,152026a25ba3cde03936b8d22a2a4348922a1802fc904b330f0af5a38632a5a9,raw-wasatch_front.tar.gz
data/raw/wasatch_front/census/tl_2023_49_tract.zip,5637353,6cf7ebf9eeb6bbf3b2f0deae16db52d13d8204da232459f186608dc82d3cac79,raw-wasatch_front.tar.gz
data/raw/wasatch_front/census/tl_2023_us_uac20.zip,73634784,fa4f2098f0010a8c1ae22ffe464be6255236c4b7439e96a50f3deb26d6165ce7,raw-wasatch_front.tar.gz
data/raw/wasatch_front/census/tracts.gpkg,2920448,096898c395dca25fdb514664e8df2d4026759b24c96a1f26f85e9effe37a0ac9,raw-wasatch_front.tar.gz
data/raw/wasatch_front/census/urban_area.gpkg,389120,6fc5e94de9f4f48acd4688a32414944e133cfa94367ff80d8fe51b5d21b0a718,raw-wasatch_front.tar.gz
data/raw/wasatch_front/hpms/hpms2018_bbox_raw.gpkg,5500928,a31588f1676348581b7ea6d121b850bd7cd2c7087447259f40311696806617c4,raw-wasatch_front.tar.gz
data/raw/wasatch_front/hpms/hpms2018_ua_all.gpkg,4575232,5c909b6cd79ccf9962d280ca6407c31c493455e10828cc1def615ef3446bd0db,raw-wasatch_front.tar.gz
data/raw/wasatch_front/hpms/hpms2018_ua_analysis.gpkg,3432448,496aa9041488e253b77756ba6b339e6a0a80be500188a0be4014dda2d8a91408,raw-wasatch_front.tar.gz
data/raw/wasatch_front/lodes/ut_wac_S000_JT00_2018.csv.gz,584972,8f3a511638a336938b60223c01716fada1868894c72cecb54caee66b6155a63c,raw-wasatch_front.tar.gz
data/raw/wasatch_front/osm/network_urban_area_all.gpkg,71254016,ec95a903dd09590a94ece5f8269c4a32989c20532e2dd7db62c15a746160841d,raw-wasatch_front.tar.gz
data/raw/wasatch_front/osm/network_urban_area_local.gpkg,46501888,79bc25ed27f24f579b8a8b728f3448b8ae9a1804ea74345d90d24559e0707e6b,raw-wasatch_front.tar.gz
data/raw/wasatch_front/osm/network_urban_area_major.gpkg,14434304,fc79bb934abc1d19ce05f5426154b1b36a3b776e22c20ef1177888dc9e24a8cb,raw-wasatch_front.tar.gz
data/raw/wasatch_front/osm_poi/pois.gpkg,4853760,3c4cd598bbe088e753bb89038e228bf02fbc98e633d788319a740a097431440b,raw-wasatch_front.tar.gz
notes/data-provenance.md,150482,b1f92d160cc46cfe21843d230a2be6b804c1c97cb21c8af6a4fc0d04a396166f,repository
outputs/figures/fig1_study_areas.png,2739701,03ee655dbff907c2fcb64288a6892767224402917cbef4cf939115ddbffeae4c,repository
outputs/figures/fig2_p1_cells.png,2011421,a123a72456334d0dc4edc941ae0aa935f5b1ff4e74a13b30529b43bd01f24bb8,repository
outputs/figures/fig2_p1p2p3_schematic.png,366977,1c89d358663eb421d76f152a9c8602b6cac82090fdd5e0aac88c8c3334378073,repository
outputs/figures/fig4_matched_pairs.png,1772602,c9193969ed9e8296a45025ef0bae871beaa4656c0e4ae5e74aa06d72831d7a6e,repository
outputs/figures/fig5_phoenix_divergence.png,940235,196c51ec13727d4f9f58ca97e1fc5209b1c52f97105dbe71966725994c78777c,repository
outputs/figures/fig6_h2_marginal_effects.png,121527,c62bced7e41f80640a8e1dfc66913ea38ed75528695ff767abe4a62c80cd5801,repository
outputs/figures/fig8_forest.png,146981,477b0fad57ad8263455cb981d53daf468cf40c0f4a19a17a514e57af7344b93f,repository
outputs/figures/fig9_measure_geometry.png,198198,f1d7476c064da5bb48f847ebffff370043bac8a63d0756afae9855587f0df262,repository
outputs/figures/figA1_denver_pair.png,532680,d205e6a35e8002c00bf79b0e77e7ef21e180503f0da9cc43ae28522a07d3b5b5,repository
outputs/figures/figA2_portland_pair.png,647333,c0e3d8247732bb0cd908c1d45ed358225adaabe1b0224be8ee97cbf414a1b043,repository
outputs/figures/figA3_phoenix_pair.png,579958,a0f19bbc00ec302a64dfb0b9d262206ac5409a9c194f04f0ef9bded6b52017e6,repository
outputs/figures/figA4_charlotte_pair.png,896690,bac7488a4970c357f7e0d3c68316ce032d474f702fc03cd66f8d77b41a8f6e1f,repository
outputs/figures/figA5_boston_pair.png,1268459,ad86fe620238a6fca5a8892c2f768af84bb4c3cca74e8af194e2b5c8d519d61a,repository
outputs/figures/figA6_wasatch_front_pair.png,590298,6c8888ea04504d86fe45fbb8717d4bc75d18142fcb78d37bd78ca378a8c34dbd,repository
outputs/figures/p1_routes_denver.png,753125,78964375cd5c0f79f761f1021904711476c05a354f961eafe27d48fd7cd18d14,repository
outputs/models/m0_log_aadt_r800.txt,830,e199dde873317399e8d2ef36b664397d92cbf21b502eacd668d5f26fa1354bef,repository
outputs/models/m1_log_aadt_r800.txt,1533,1d1dfb46009b96d81577b5c89dd1ab8a00f876247b00605a365ef3a5e9851f0e,repository
outputs/models/m2_log_aadt_r800.txt,1605,e82bdd9f2600ed2e856d471ece886c33a964d480f043caf05496c2fd2b7f62e6,repository
outputs/models/m2b_log_aadt_r800.txt,1677,96810e059269b2f3fa0c98a8a2e9ad7ef8ec4e5982452849600249f59e6622e5,repository
outputs/models/m2g_log_aadt_r800.txt,1605,ee6aa07652650378620f1e88bd93f597dc4cacd9ce9ad7a947e233de4cef10cd,repository
outputs/models/m3_log_aadt_r800.txt,2088,a7ccd17f3814c4f824ec303ca1b4dcfd717f39541bc89dd29f426898337ba2e6,repository
outputs/tables/aadt_sample_panel.csv,750,b68d800832cbbe67a60c719d259db05beafec7ad95d0c2272393d5914be2c048,repository
outputs/tables/aadtfree_units_r800.csv,1969,64182e2de1c579a5250b72067503d4806da95c2b52c781b1380a3af56f8fff8d,repository
outputs/tables/ablation_v2.csv,938,36f2408550c06ae92bb170db362de32909b0d802075a8473666066d36e49e7e2,repository
outputs/tables/adversarial_v2.csv,2609,b995fc35fb1cf2a4dc03e757cf34692cb72b4571a075ff716044bbc103351153,repository
outputs/tables/boston_variance_vintage.csv,5256,2c7a1bc5031d9e13dfbdd711007a11740c11754a35982c88684cc26a456a2186,repository
outputs/tables/canonical_tables.csv,3247,7cfc2384ce9fe3e0da4bacdc8a632515915b5c0b464e3636c714448380cbd9a7,repository
outputs/tables/comparators_v2.csv,5607,da6402d74de4cfd4e4444c25541ee6d3c95036c4f570ba9c49c5003d397ba57b,repository
outputs/tables/h1_ce_eligible_r800.csv,1410,7037cec9da5ae83dbcefdbf6e15987bc5f042cc2028c01f5bba735bb20d652b9,repository
outputs/tables/h1_independent_subsample_r800.csv,1262,66ebdc37c4359d0e2a0c8623b6d3599869e96f42a6a8d5551ea8485b746aa885,repository
outputs/tables/h1_maup_sweep.csv,403,611fcfef6d408a90a61493b4142b73ad07c58699b566fd65d9c15ce2dd988176,repository
outputs/tables/h1_specification_comparison.csv,315,26b6cc5a316d665c79f8aa4cfb9dbcd8c9f46a2d659ec5de5f6efea9605064cf,repository
outputs/tables/hpms_currency_2018_vs_2024_r800.csv,1047,3b0307c558f99ce936af655d0430fc4278c0a481d43e2ff54966bfc5404abdcc,repository
outputs/tables/independent_subsample_composition.csv,1222,697266f8019e18dd8e4883cf5a0a2c318171f1f174c66a6b4ce2b7d5466cde54,repository
outputs/tables/local_p3_conditional.csv,453,83a772a245c238178832796b2370d53bde928214d3a4af8fe064b6e6020a1a0b,repository
outputs/tables/measure_diagnostics.csv,1525,8c1530674fa92e43b263f86e067361a26d95c1cefc50b1b33f35c4e82046ba5e,repository
outputs/tables/model_ladder_log_aadt_r800.csv,1341,2646f0ef72de18f2cf32c1cf94581142c484b36940f37c59ded638771edb3234,repository
outputs/tables/multicity_h1_r800.csv,1042,71e122b6fa66ec5c422db3db38dfecafba104fc3b0ebde1e98feb9f6ed9fe811,repository
outputs/tables/oneway_selection_profile.csv,1227,5fb49f0240ae25d251bb04c11eeb284a38ac78d41a4d44f78351e23031af8ebd,repository
outputs/tables/p1_ablation.csv,943,5756b05f8aabc87b3bd0ee484dc5b904802bb5e80992289e6bf3cb02f614ebfd,repository
outputs/tables/p1_constants_sweep_r800.csv,627,33d35f45073e589307c8f7b8575aff3b57fd6e88c61f3f49bf9a05eb6e010ce2,repository
outputs/tables/primary_v2.csv,5270,cc4d1088d39609735ca3406456688294dad5b1a2f2a53ad7130eecd40166c554,repository
outputs/tables/psm_choi_ewing_replication.csv,17827,d015bd15b06f0b561dd5cc4e38bd1627b437ef827b69abffa895eedaaf0a4fc5,repository
outputs/tables/reviewer_checks_r800.csv,8480,6b670078a7da3e73d4d410cfec83c7674f992e070c96d0efc99ca66c9718ca84,repository
outputs/tables/round3_comparators.csv,1260,4aadfed1b4e359344c62a3c042b7a99c9f910bfaefecc50482e370046ecea901,repository
outputs/tables/round3_models_r800.csv,2888,3d0693b6b766836207af0c548f07be881530b3375a75c55057276ef081d0c096,repository
outputs/tables/rq2_rq3_v2.csv,2317,3081255fb1a8c94f4a1f4aec86bc12f463206a3677eb33f0b146c632700426e2,repository
outputs/tables/sensitivity_detour_cap.csv,1225,4a1ec770150571194059607b205a1d07e1995030e0ab4b62410dd5607f086bf9,repository
outputs/tables/sensitivity_tertiary_bothsides.csv,615,1cddd3a9a3c55e2f8bf02cb7f173d1492416eb5d3212001854456c99fad4d54c,repository
outputs/tables/spec_curve.csv,3934,6b785b1fe2b2fbb50906412db44aaf156bd5a20a263c557eb12c14c288fdb087,repository
outputs/tables/standard_comparators.csv,1071,a89811e7f17b065562c1f225271e64b5f3d5275d439f85ac4d6ccb50f236753e,repository
pyproject.toml,476,3a115c638c28c3c7c511a88427b75af5c65562d7b5120fcb67f39f006b8d2c36,repository
uv.lock,254035,ac88c5ca8703a5bdf87dc4700bd140db4f2ecbde329a3e8928335517f6f18ec2,repository
